,,,,,,,,
,PLAYER,TEAM,NUMBER,POSITION,HEIGHT,WEIGHT,LAST ATTENDED,COUNTRY
,"
Precious
Achiuwa",TOR,5,F,6-8,225 lbs,Memphis,Nigeria
,"
Steven
Adams",MEM,4,C,6-11,265 lbs,Pittsburgh,New Zealand
,"
Bam
Adebayo",MIA,13,C-F,6-9,255 lbs,Kentucky,USA
,"
Santi
Aldama",MEM,7,F-C,6-11,215 lbs,Loyola-Maryland,Spain
,"
LaMarcus
Aldridge",BKN,21,C-F,6-11,250 lbs,Texas-Austin,USA
,"
Nickeil
Alexander-Walker",UTA,6,G,6-5,205 lbs,Virginia Tech,Canada
,"
Grayson
Allen",MIL,7,G,6-4,198 lbs,Duke,USA
,"
Jarrett
Allen",CLE,31,C,6-10,243 lbs,Texas-Austin,USA
,"
Jose
Alvarado",NOP,15,G,6-0,179 lbs,Georgia Tech,USA
,"
Justin
Anderson",,,F-G,6-5,231 lbs,Virginia,USA
,"
Kyle
Anderson",MEM,1,F-G,6-9,230 lbs,UCLA,USA
,"
Giannis
Antetokounmpo",MIL,34,F,6-11,242 lbs,Filathlitikos,Greece
,"
Thanasis
Antetokounmpo",MIL,43,F,6-6,219 lbs,Panathinaikos,Greece
,"
Carmelo
Anthony",LAL,7,F,6-7,238 lbs,Syracuse,USA
,"
Cole
Anthony",ORL,50,G,6-3,185 lbs,North Carolina,USA
,"
OG
Anunoby",TOR,3,F,6-7,232 lbs,Indiana,United Kingdom
,"
Ryan
Arcidiacono",NYK,51,G,6-3,195 lbs,Villanova,USA
,"
Trevor
Ariza",LAL,1,F,6-8,215 lbs,UCLA,USA
,"
D.J.
Augustin",LAL,4,G,5-11,183 lbs,Texas-Austin,USA
,"
Deni
Avdija",WAS,9,F,6-9,210 lbs,Maccabi Tel Aviv,Israel
,"
Joel
Ayayi",,,G,6-4,180 lbs,Gonzaga,France
,"
Deandre
Ayton",PHX,22,C,6-11,250 lbs,Arizona,Bahamas
,"
Udoka
Azubuike",UTA,20,C-F,7-0,270 lbs,Kansas,Nigeria
,"
Marvin
Bagley III",DET,35,F,6-11,235 lbs,Duke,USA
,"
LaMelo
Ball",CHA,2,G,6-7,180 lbs,Illawarra,USA
,"
Lonzo
Ball",CHI,2,G,6-6,190 lbs,UCLA,USA
,"
Mo
Bamba",ORL,5,C,7-0,231 lbs,Texas-Austin,USA
,"
Desmond
Bane",MEM,22,G,6-5,215 lbs,TCU,USA
,"
Dalano
Banton",TOR,45,F,6-7,204 lbs,Nebraska,Canada
,"
Cat
Barber",,,G,6-1,173 lbs,North Carolina State,USA
,"
Harrison
Barnes",SAC,40,F,6-8,225 lbs,North Carolina,USA
,"
Scottie
Barnes",TOR,4,F,6-7,225 lbs,Florida State,USA
,"
RJ
Barrett",NYK,9,F-G,6-6,214 lbs,Duke,Canada
,"
Will
Barton",DEN,5,G,6-5,181 lbs,Memphis,USA
,"
Paris
Bass",,,F,6-8,200 lbs,Detroit Mercy,USA
,"
Charles
Bassey",PHI,23,C-F,6-9,230 lbs,Western Kentucky,Nigeria
,"
Keita
Bates-Diop",SAS,31,F,6-8,229 lbs,Ohio State,USA
,"
Nicolas
Batum",LAC,33,G-F,6-8,230 lbs,Le Mans,France
,"
Kent
Bazemore",LAL,9,G-F,6-4,195 lbs,Old Dominion,USA
,"
Darius
Bazley",OKC,7,F,6-8,208 lbs,Princeton HS (OH),USA
,"
Bradley
Beal",WAS,3,G,6-4,207 lbs,Florida,USA
,"
Malik
Beasley",MIN,5,G,6-4,187 lbs,Florida State,USA
,"
Jordan
Bell",,,F,6-7,216 lbs,Oregon,USA
,"
DeAndre'
Bembry",MIL,95,G-F,6-5,210 lbs,St. Joseph's (PA),USA
,"
Davis
Bertans",DAL,42,F,6-10,225 lbs,Baskonia,Latvia
,"
Patrick
Beverley",MIN,22,G,6-1,180 lbs,Arkansas,USA
,"
Saddiq
Bey",DET,41,F,6-7,215 lbs,Villanova,USA
,"
Khem
Birch",TOR,24,C,6-9,233 lbs,UNLV,Canada
,"
Goga
Bitadze",IND,88,C-F,7-0,250 lbs,Mega Basket,Georgia
,"
Bismack
Biyombo",PHX,18,C,6-8,255 lbs,Baloncesto Fuenlabrada,DRC
,"
Nemanja
Bjelica",GSW,8,F,6-9,234 lbs,Fenerbahce,Serbia
,"
Eric
Bledsoe",POR,5,G,6-1,214 lbs,Kentucky,USA
,"
Keljin
Blevins",POR,21,G,6-4,200 lbs,Montana State,USA
,"
Bogdan
Bogdanovic",ATL,13,G,6-6,225 lbs,Fenerbahce,Serbia
,"
Bojan
Bogdanovic",UTA,44,F,6-7,226 lbs,Fenerbahce,Croatia
,"
Bol
Bol",ORL,10,C-F,7-2,220 lbs,Oregon,Sudan
,"
Leandro
Bolmaro",MIN,9,F,6-6,200 lbs,FC Barcelona,Argentina
,"
Isaac
Bonga",TOR,17,G,6-8,180 lbs,Skyliners Frankfurt,Germany
,"
Devin
Booker",PHX,1,G,6-5,206 lbs,Kentucky,USA
,"
Brandon
Boston Jr.",LAC,4,G,6-6,188 lbs,Kentucky,USA
,"
Chris
Boucher",TOR,25,F-C,6-9,200 lbs,Oregon,Saint Lucia
,"
James
Bouknight",CHA,5,G,6-4,190 lbs,Connecticut,USA
,"
Avery
Bradley",LAL,20,G,6-3,180 lbs,Texas-Austin,USA
,"
Tony
Bradley",CHI,13,C-F,6-10,248 lbs,North Carolina,USA
,"
Ignas
Brazdeikis",ORL,17,F,6-6,221 lbs,Michigan,Canada
,"
Mikal
Bridges",PHX,25,F,6-6,209 lbs,Villanova,USA
,"
Miles
Bridges",CHA,0,F,6-7,225 lbs,Michigan State,USA
,"
Oshae
Brissett",IND,12,F-G,6-7,210 lbs,Syracuse,Canada
,"
Malcolm
Brogdon",IND,7,G,6-5,229 lbs,Virginia,USA
,"
Armoni
Brooks",TOR,7,G,6-3,195 lbs,Houston,USA
,"
Dillon
Brooks",MEM,24,G-F,6-7,225 lbs,Oregon,Canada
,"
Bruce
Brown",BKN,1,G-F,6-4,202 lbs,Miami,USA
,"
Jaylen
Brown",BOS,7,G-F,6-6,223 lbs,California,USA
,"
Moses
Brown",CLE,9,C,7-2,245 lbs,UCLA,USA
,"
Sterling
Brown",DAL,0,G-F,6-5,219 lbs,Southern Methodist,USA
,"
Greg
Brown III",POR,4,F,6-7,206 lbs,Texas-Austin,USA
,"
Charlie
Brown Jr.",PHI,16,G,6-6,199 lbs,St. Joseph's (PA),USA
,"
Chaundee
Brown Jr.",,,F,6-5,215 lbs,Michigan,USA
,"
Troy
Brown Jr.",CHI,7,G-F,6-6,215 lbs,Oregon,USA
,"
Jalen
Brunson",DAL,13,G,6-1,190 lbs,Villanova,USA
,"
Thomas
Bryant",WAS,13,C-F,6-10,248 lbs,Indiana,USA
,"
Shaq
Buchanan",,,G,6-3,190 lbs,Murray State,USA
,"
Reggie
Bullock",DAL,25,G-F,6-6,205 lbs,North Carolina,USA
,"
Trey
Burke",DAL,3,G,6-0,185 lbs,Michigan,USA
,"
Alec
Burks",NYK,18,G,6-6,214 lbs,Colorado,USA
,"
Jared
Butler",UTA,13,G,6-3,193 lbs,Baylor,USA
,"
Jimmy
Butler",MIA,22,F,6-7,230 lbs,Marquette,USA
,"
Devontae
Cacok",SAS,18,F,6-7,240 lbs,North Carolina-Wilmington,USA
,"
Kentavious
Caldwell-Pope",WAS,1,G,6-5,204 lbs,Georgia,USA
,"
Facundo
Campazzo",DEN,7,G,5-10,195 lbs,Murcia,Argentina
,"
Vlatko
Cancar",DEN,31,F,6-8,236 lbs,San Pablo Burgos,Slovenia
,"
Clint
Capela",ATL,15,C,6-10,256 lbs,Elan Chalon,Switzerland
,"
Vernon
Carey Jr.",WAS,22,F-C,6-9,270 lbs,Duke,USA
,"
Jevon
Carter",MIL,5,G,6-1,200 lbs,West Virginia,USA
,"
Wendell
Carter Jr.",ORL,34,C-F,6-10,270 lbs,Duke,USA
,"
Alex
Caruso",CHI,6,G,6-5,186 lbs,Texas A&M,USA
,"
Willie
Cauley-Stein",,,C,7-0,240 lbs,Kentucky,USA
,"
Ahmad
Caver",,,G,6-2,174 lbs,Old Dominion,USA
,"
Justin
Champagnie",TOR,11,G-F,6-6,206 lbs,Pittsburgh,USA
,"
Zylan
Cheatham",,,F,6-5,220 lbs,Arizona State,USA
,"
Chris
Chiozza",GSW,2,G,5-11,175 lbs,Florida,USA
,"
Marquese
Chriss",DAL,35,F,6-9,240 lbs,Washington,USA
,"
Josh
Christopher",HOU,9,G,6-3,215 lbs,Arizona State,USA
,"
Gary
Clark",NOP,12,F,6-6,225 lbs,Cincinnati,USA
,"
Brandon
Clarke",MEM,15,F,6-8,215 lbs,Gonzaga,Canada
,"
Jordan
Clarkson",UTA,0,G,6-4,194 lbs,Missouri,USA
,"
Nic
Claxton",BKN,33,F-C,6-11,215 lbs,Georgia,USA
,"
Amir
Coffey",LAC,7,G-F,6-7,210 lbs,Minnesota,USA
,"
John
Collins",ATL,20,F-C,6-9,226 lbs,Wake Forest,USA
,"
Zach
Collins",SAS,23,F-C,6-11,250 lbs,Gonzaga,USA
,"
Darren
Collison",,,G,6-0,160 lbs,UCLA,USA
,"
Mike
Conley",UTA,11,G,6-1,175 lbs,Ohio State,USA
,"
Pat
Connaughton",MIL,24,G,6-5,209 lbs,Notre Dame,USA
,"
Tyler
Cook",CHI,25,F,6-8,255 lbs,Iowa,USA
,"
Sharife
Cooper",ATL,2,G,6-1,176 lbs,Auburn,USA
,"
Petr
Cornelie",,,F,6-11,220 lbs,France,France
,"
DeMarcus
Cousins",DEN,4,C,6-10,270 lbs,Kentucky,USA
,"
Robert
Covington",LAC,23,F,6-7,209 lbs,Tennessee State,USA
,"
Torrey
Craig",PHX,0,F,6-7,221 lbs,South Carolina Upstate,USA
,"
Jae
Crowder",PHX,99,F,6-6,235 lbs,Marquette,USA
,"
Jarrett
Culver",MEM,23,G-F,6-6,195 lbs,Texas Tech,USA
,"
Jarron
Cumberland",,,G,6-5,205 lbs,Cincinnati,USA
,"
Cade
Cunningham",DET,2,G,6-6,220 lbs,Oklahoma State,USA
,"
Seth
Curry",BKN,30,G,6-2,185 lbs,Duke,USA
,"
Stephen
Curry",GSW,30,G,6-2,185 lbs,Davidson,USA
,"
Anthony
Davis",LAL,3,F-C,6-10,253 lbs,Kentucky,USA
,"
Ed
Davis",CLE,21,C-F,6-9,218 lbs,North Carolina,USA
,"
Terence
Davis",SAC,3,G,6-4,201 lbs,Mississippi,USA
,"
Javin
DeLaurier",,,C,6-10,234 lbs,Duke,USA
,"
DeMar
DeRozan",CHI,11,G-F,6-6,220 lbs,Southern California,USA
,"
Gabriel
Deck",,,F,6-6,231 lbs,,Argentina
,"
Dewayne
Dedmon",MIA,21,C,7-0,245 lbs,Southern California,USA
,"
Sam
Dekker",,,F,6-8,219 lbs,Wisconsin,USA
,"
Donte
DiVincenzo",SAC,0,G,6-4,203 lbs,Villanova,USA
,"
Mamadi
Diakite",,,F,6-9,228 lbs,Virginia,Guinea
,"
Cheick
Diallo",,,F-C,6-8,219 lbs,Kansas,Mali
,"
Hamidou
Diallo",DET,6,G,6-5,202 lbs,Kentucky,USA
,"
Gorgui
Dieng",ATL,10,C,6-10,248 lbs,Louisville,Senegal
,"
Spencer
Dinwiddie",DAL,26,G,6-6,215 lbs,Colorado,USA
,"
Luka
Doncic",DAL,77,F-G,6-7,230 lbs,Real Madrid,Slovenia
,"
Luguentz
Dort",OKC,5,G,6-3,215 lbs,Arizona State,Canada
,"
Ayo
Dosunmu",CHI,12,G,6-4,200 lbs,Illinois,USA
,"
Damyean
Dotson",,,G,6-5,210 lbs,Houston,USA
,"
Devon
Dotson",,,G,6-1,185 lbs,Kansas,USA
,"
Sekou
Doumbouya",,,F,6-9,230 lbs,,France
,"
Jeff
Dowtin",,,G,6-3,177 lbs,Rhode Island,USA
,"
P.J.
Dozier",,,G-F,6-6,205 lbs,South Carolina,USA
,"
Goran
Dragic",BKN,9,G,6-3,190 lbs,Union Olimpija,Slovenia
,"
Andre
Drummond",BKN,0,C,6-10,279 lbs,Connecticut,USA
,"
Chris
Duarte",IND,3,G,6-5,190 lbs,Oregon,Dominican Republic
,"
David
Duke Jr.",BKN,6,G,6-4,204 lbs,Providence,USA
,"
Kevin
Durant",BKN,7,F,6-10,240 lbs,Texas-Austin,USA
,"
Jaime
Echenique",,,C,6-10,258 lbs,Wichita State,Colombia
,"
Anthony
Edwards",MIN,1,G,6-4,225 lbs,Georgia,USA
,"
Kessler
Edwards",BKN,14,F,6-7,203 lbs,Pepperdine,USA
,"
Rob
Edwards",,,G,6-5,205 lbs,Arizona State,USA
,"
CJ
Elleby",POR,16,F-G,6-6,200 lbs,Washington State,USA
,"
Wayne
Ellington",LAL,2,G,6-4,207 lbs,North Carolina,USA
,"
Joel
Embiid",PHI,21,C-F,7-0,280 lbs,Kansas,Cameroon
,"
James
Ennis III",,,F,6-6,215 lbs,Cal State-Long Beach,USA
,"
Drew
Eubanks",,,F-C,6-9,245 lbs,Oregon State,USA
,"
Tacko
Fall",,,C,7-6,311 lbs,Central Florida,Senegal
,"
Derrick
Favors",OKC,15,F,6-9,265 lbs,Georgia Tech,USA
,"
Bruno
Fernando",HOU,20,F-C,6-9,240 lbs,Maryland,Angola
,"
Dorian
Finney-Smith",DAL,10,F,6-7,220 lbs,Florida,USA
,"
Malik
Fitts",BOS,8,F,6-5,230 lbs,St. Mary's College,USA
,"
Malachi
Flynn",TOR,22,G,6-1,175 lbs,San Diego State,USA
,"
Bryn
Forbes",DEN,6,G,6-2,205 lbs,Michigan State,USA
,"
Aleem
Ford",,,F,6-8,220 lbs,Wisconsin,USA
,"
Trent
Forrest",UTA,3,G,6-4,210 lbs,Florida State,USA
,"
Evan
Fournier",NYK,13,G-F,6-6,205 lbs,Poitiers Basket 86,France
,"
De'Aaron
Fox",SAC,5,G,6-3,185 lbs,Kentucky,USA
,"
Tim
Frazier",,,G,6-0,170 lbs,Penn State,USA
,"
Enes
Freedom",,,C,6-10,250 lbs,,Turkey
,"
Markelle
Fultz",ORL,20,G,6-4,209 lbs,Washington,USA
,"
Wenyen
Gabriel",LAL,35,F,6-9,205 lbs,Kentucky,South Sudan
,"
Daniel
Gafford",WAS,21,F-C,6-9,234 lbs,Arkansas,USA
,"
Danilo
Gallinari",ATL,8,F,6-10,236 lbs,Olimpia Milano,Italy
,"
Langston
Galloway",,,G,6-1,200 lbs,St. Joseph's (PA),USA
,"
Darius
Garland",CLE,10,G,6-1,192 lbs,Vanderbilt,USA
,"
Marcus
Garrett",,,G,6-5,205 lbs,Kansas,USA
,"
Usman
Garuba",HOU,16,F,6-8,229 lbs,Real Madrid,Spain
,"
Luka
Garza",DET,55,C,6-10,243 lbs,Iowa,USA
,"
Rudy
Gay",UTA,8,F-G,6-8,250 lbs,Connecticut,USA
,"
Paul
George",LAC,13,F,6-8,220 lbs,Fresno State,USA
,"
Taj
Gibson",NYK,67,F,6-9,232 lbs,Southern California,USA
,"
Josh
Giddey",OKC,3,G,6-8,205 lbs,NBA Global Academy,Australia
,"
Shai
Gilgeous-Alexander",OKC,2,G,6-6,180 lbs,Kentucky,Canada
,"
Anthony
Gill",WAS,16,F,6-7,230 lbs,Virginia,USA
,"
Freddie
Gillespie",,,C,6-9,245 lbs,Baylor,USA
,"
Rudy
Gobert",UTA,27,C,7-1,258 lbs,Cholet,France
,"
Brandon
Goodwin",CLE,0,G,6-0,180 lbs,Florida Gulf Coast,USA
,"
Jordan
Goodwin",,,G,6-3,200 lbs,St. Louis,USA
,"
Aaron
Gordon",DEN,50,F,6-8,235 lbs,Arizona,USA
,"
Eric
Gordon",HOU,10,G,6-3,215 lbs,Indiana,USA
,"
Devonte'
Graham",NOP,4,G,6-1,195 lbs,Kansas,USA
,"
Jerami
Grant",DET,9,F,6-8,210 lbs,Syracuse,USA
,"
Hassani
Gravett",,,G,6-2,187 lbs,South Carolina,USA
,"
Danny
Green",PHI,14,G,6-6,215 lbs,North Carolina,USA
,"
Draymond
Green",GSW,23,F,6-6,230 lbs,Michigan State,USA
,"
JaMychal
Green",DEN,0,F-C,6-8,227 lbs,Alabama,USA
,"
Jalen
Green",HOU,0,G,6-4,186 lbs,NBA G League Ignite,USA
,"
Javonte
Green",CHI,24,G-F,6-5,205 lbs,Radford,USA
,"
Jeff
Green",DEN,32,F,6-8,235 lbs,Georgetown,USA
,"
Josh
Green",DAL,8,G,6-5,200 lbs,Arizona,Australia
,"
Blake
Griffin",BKN,2,F,6-9,250 lbs,Oklahoma,USA
,"
Quentin
Grimes",NYK,6,G,6-4,210 lbs,Houston,USA
,"
Kyle
Guy",MIA,5,G,6-1,167 lbs,Virginia,USA
,"
Rui
Hachimura",WAS,8,F,6-8,230 lbs,Gonzaga,Japan
,"
Tyrese
Haliburton",IND,0,G,6-5,185 lbs,Iowa State,USA
,"
Tyler
Hall",,,G,6-5,209 lbs,Montana State,USA
,"
R.J.
Hampton",ORL,13,G,6-4,175 lbs,New Zealand Breakers,USA
,"
Tim
Hardaway Jr.",DAL,11,G-F,6-5,205 lbs,Michigan,USA
,"
James
Harden",PHI,1,G,6-5,220 lbs,Arizona State,USA
,"
Maurice
Harkless",SAC,8,F-G,6-7,220 lbs,St. John's,USA
,"
Jared
Harper",,,G,5-10,175 lbs,Auburn,USA
,"
Montrezl
Harrell",CHA,6,F-C,6-7,240 lbs,Louisville,USA
,"
Gary
Harris",ORL,14,G,6-4,210 lbs,Michigan State,USA
,"
Joe
Harris",BKN,12,G-F,6-6,220 lbs,Virginia,USA
,"
Tobias
Harris",PHI,12,F,6-7,226 lbs,Tennessee,USA
,"
Shaquille
Harrison",,,G,6-4,195 lbs,Tulsa,USA
,"
Josh
Hart",POR,11,G,6-5,215 lbs,Villanova,USA
,"
Isaiah
Hartenstein",LAC,55,C-F,7-0,250 lbs,Zalgiris,Germany
,"
Udonis
Haslem",MIA,40,F,6-8,235 lbs,Florida,USA
,"
Sam
Hauser",BOS,30,F,6-7,217 lbs,Virginia,USA
,"
Jaxson
Hayes",NOP,10,C-F,6-11,220 lbs,Texas-Austin,USA
,"
Killian
Hayes",DET,7,G,6-5,195 lbs,Ratiopharm Ulm,France
,"
Gordon
Hayward",CHA,20,F,6-7,225 lbs,Butler,USA
,"
Aaron
Henry",,,F,6-5,210 lbs,Michigan State,USA
,"
Juancho
Hernangomez",UTA,41,F,6-9,214 lbs,Estudiantes,Spain
,"
Willy
Hernangomez",NOP,9,C-F,6-11,250 lbs,Cajasol Sevilla,Spain
,"
Tyler
Herro",MIA,14,G,6-5,195 lbs,Kentucky,USA
,"
Buddy
Hield",IND,24,G,6-4,220 lbs,Oklahoma,Bahamas
,"
Haywood
Highsmith",MIA,24,F,6-4,220 lbs,Wheeling Jesuit,USA
,"
George
Hill",MIL,3,G,6-4,188 lbs,Indiana-Purdue Indianapolis,USA
,"
Malcolm
Hill",CHI,14,F,6-6,220 lbs,Illinois,USA
,"
Solomon
Hill",,,F,6-6,226 lbs,Arizona,USA
,"
Nate
Hinton",,,G-F,6-5,210 lbs,Houston,USA
,"
Jaylen
Hoard",,,F,6-8,216 lbs,Wake Forest,France
,"
Aaron
Holiday",PHX,4,G,6-0,185 lbs,UCLA,USA
,"
Jrue
Holiday",MIL,21,G,6-3,205 lbs,UCLA,USA
,"
Justin
Holiday",SAC,9,F-G,6-6,180 lbs,Washington,USA
,"
Richaun
Holmes",SAC,22,F,6-10,235 lbs,Bowling Green,USA
,"
Rodney
Hood",LAC,22,G-F,6-8,208 lbs,Duke,USA
,"
Scotty
Hopson",,,G-F,6-7,204 lbs,Tennessee,USA
,"
Al
Horford",BOS,42,C-F,6-9,240 lbs,Florida,Dominican Republic
,"
Talen
Horton-Tucker",LAL,5,G,6-4,234 lbs,Iowa State,USA
,"
Danuel
House Jr.",UTA,25,F-G,6-6,220 lbs,Texas A&M,USA
,"
Dwight
Howard",LAL,39,C-F,6-10,265 lbs,SW Atlanta Christian Academy (GA),USA
,"
Markus
Howard",DEN,0,G,5-10,175 lbs,Marquette,USA
,"
Kevin
Huerter",ATL,3,G-F,6-7,198 lbs,Maryland,USA
,"
Jay
Huff",,,F,7-1,240 lbs,Virginia,USA
,"
Elijah
Hughes",POR,19,G,6-5,215 lbs,Syracuse,USA
,"
De'Andre
Hunter",ATL,12,F-G,6-8,221 lbs,Virginia,USA
,"
Chandler
Hutchison",,,F-G,6-6,210 lbs,Boise State,USA
,"
Bones
Hyland",DEN,3,G,6-2,169 lbs,Virginia Commonwealth,USA
,"
Serge
Ibaka",MIL,25,F,6-10,235 lbs,Ricoh Manresa,Republic of the Congo
,"
Andre
Iguodala",GSW,9,G-F,6-6,215 lbs,Arizona,USA
,"
Joe
Ingles",POR,0,F-G,6-8,220 lbs,Maccabi Tel Aviv,Australia
,"
Brandon
Ingram",NOP,14,F,6-8,190 lbs,Duke,USA
,"
Kyrie
Irving",BKN,11,G,6-2,195 lbs,Duke,Australia
,"
Jonathan
Isaac",ORL,1,F,6-10,230 lbs,Florida State,USA
,"
Wes
Iwundu",,,F,6-6,195 lbs,Kansas State,USA
,"
Frank
Jackson",DET,5,G,6-3,205 lbs,Duke,USA
,"
Isaiah
Jackson",IND,23,F,6-10,205 lbs,Kentucky,USA
,"
Josh
Jackson",SAC,55,G-F,6-8,207 lbs,Kansas,USA
,"
Justin
Jackson",,,F,6-8,220 lbs,North Carolina,USA
,"
Reggie
Jackson",LAC,1,G,6-2,208 lbs,Boston College,USA
,"
Jaren
Jackson Jr.",MEM,13,F-C,6-11,242 lbs,Michigan State,USA
,"
LeBron
James",LAL,6,F,6-9,250 lbs,St. Vincent-St. Mary HS (OH),USA
,"
DeJon
Jarreau",,,G,6-5,185 lbs,Houston,USA
,"
DaQuan
Jeffries",,,G-F,6-5,222 lbs,Tulsa,USA
,"
Ty
Jerome",OKC,16,G-F,6-5,195 lbs,Virginia,USA
,"
Isaiah
Joe",PHI,7,G,6-4,165 lbs,Arkansas,USA
,"
Alize
Johnson",NOP,22,F,6-8,212 lbs,Missouri State,USA
,"
BJ
Johnson",,,F,6-6,200 lbs,La Salle,USA
,"
Cameron
Johnson",PHX,23,F,6-8,210 lbs,North Carolina,USA
,"
David
Johnson",TOR,13,G,6-4,203 lbs,Louisville,USA
,"
Jalen
Johnson",ATL,1,F,6-8,219 lbs,Duke,USA
,"
James
Johnson",BKN,16,F,6-7,240 lbs,Wake Forest,USA
,"
Joe
Johnson",,,G-F,6-7,240 lbs,Arkansas,USA
,"
Keldon
Johnson",SAS,3,F-G,6-6,220 lbs,Kentucky,USA
,"
Keon
Johnson",POR,6,G,6-4,185 lbs,Tennessee,USA
,"
Stanley
Johnson",LAL,14,F-G,6-6,242 lbs,Arizona,USA
,"
Tyler
Johnson",,,G,6-3,186 lbs,Fresno State,USA
,"
Nikola
Jokic",DEN,15,C,6-11,284 lbs,Mega Basket,Serbia
,"
Carlik
Jones",,,G,6-0,174 lbs,Louisville,USA
,"
Damian
Jones",SAC,30,C,6-11,245 lbs,Vanderbilt,USA
,"
Herbert
Jones",NOP,5,F,6-7,206 lbs,Alabama,USA
,"
Jemerrio
Jones",,,F,6-5,175 lbs,New Mexico State,USA
,"
Kai
Jones",CHA,23,C-F,6-10,221 lbs,Texas-Austin,Bahamas
,"
Mason
Jones",LAL,40,G,6-4,200 lbs,Arkansas,USA
,"
Tre
Jones",SAS,33,G,6-1,185 lbs,Duke,USA
,"
Tyus
Jones",MEM,21,G,6-0,196 lbs,Duke,USA
,"
Derrick
Jones Jr.",CHI,5,F,6-6,210 lbs,UNLV,USA
,"
DeAndre
Jordan",PHI,9,C,6-11,265 lbs,Texas A&M,USA
,"
Cory
Joseph",DET,18,G,6-3,200 lbs,Texas-Austin,Canada
,"
Georgios
Kalaitzakis",,,F,6-7,192 lbs,Panathinaikos,Greece
,"
Frank
Kaminsky",PHX,8,F-C,7-0,240 lbs,Wisconsin,USA
,"
Luke
Kennard",LAC,5,G,6-5,206 lbs,Duke,USA
,"
Braxton
Key",,,F,6-8,225 lbs,Virginia,USA
,"
George
King",,,F-G,6-6,220 lbs,Colorado Boulder,USA
,"
Louis
King",,,F,6-7,205 lbs,Oregon,USA
,"
Corey
Kispert",WAS,24,F,6-6,224 lbs,Gonzaga,USA
,"
Maxi
Kleber",DAL,42,F,6-10,240 lbs,Bayern Munich,Germany
,"
Brandon
Knight",,,G,6-2,182 lbs,Kentucky,USA
,"
Nathan
Knight",MIN,13,F-C,6-10,253 lbs,William & Mary,USA
,"
Kevin
Knox II",ATL,5,F,6-7,215 lbs,Kentucky,USA
,"
John
Konchar",MEM,46,G,6-5,210 lbs,Indiana-Purdue Fort Wayne,USA
,"
Furkan
Korkmaz",PHI,30,G-F,6-7,202 lbs,Anadolu Efes,Turkey
,"
Luke
Kornet",BOS,40,C-F,7-2,250 lbs,Vanderbilt,USA
,"
Vit
Krejci",OKC,27,G,6-8,195 lbs,Zaragoza,Czech Republic
,"
Arnoldas
Kulboka",CHA,98,F,6-10,209 lbs,Bilbao,Lithuania
,"
Jonathan
Kuminga",GSW,0,F,6-7,225 lbs,NBA G League Ignite,DRC
,"
Kyle
Kuzma",WAS,33,F,6-9,221 lbs,Utah,USA
,"
Zach
LaVine",CHI,8,G-F,6-5,200 lbs,UCLA,USA
,"
Anthony
Lamb",,,F,6-6,227 lbs,Vermont,USA
,"
Jeremy
Lamb",SAC,26,G-F,6-5,180 lbs,Connecticut,USA
,"
Jock
Landale",SAS,34,C,6-11,255 lbs,,Australia
,"
Romeo
Langford",SAS,35,G-F,6-5,216 lbs,Indiana,USA
,"
Jake
Layman",MIN,10,F,6-8,209 lbs,Maryland,USA
,"
Caris
LeVert",CLE,3,G,6-6,205 lbs,Michigan,USA
,"
Damion
Lee",GSW,1,G-F,6-5,210 lbs,Drexel,USA
,"
Saben
Lee",DET,38,G,6-2,183 lbs,Vanderbilt,USA
,"
Alex
Len",SAC,25,C,7-0,250 lbs,Maryland,Ukraine
,"
Kawhi
Leonard",LAC,2,F,6-7,225 lbs,San Diego State,USA
,"
Scottie
Lewis",CHA,16,G,6-5,185 lbs,Florida,USA
,"
Kira
Lewis Jr.",NOP,13,G,6-1,170 lbs,Alabama,USA
,"
Damian
Lillard",POR,0,G,6-2,195 lbs,Weber State,USA
,"
Nassir
Little",POR,9,F-G,6-5,220 lbs,North Carolina,USA
,"
Isaiah
Livers",DET,12,F,6-6,232 lbs,Michigan,USA
,"
Kevon
Looney",GSW,5,F,6-9,222 lbs,UCLA,USA
,"
Brook
Lopez",MIL,11,C,7-0,282 lbs,Stanford,USA
,"
Robin
Lopez",ORL,33,C,7-0,281 lbs,Stanford,USA
,"
Didi
Louzada",POR,35,G,6-5,188 lbs,Sydney Kings,Brazil
,"
Kevin
Love",CLE,0,F-C,6-8,251 lbs,UCLA,USA
,"
Kyle
Lowry",MIA,7,G,6-0,196 lbs,Villanova,USA
,"
Gabriel
Lundberg",PHX,,,,,-,
,"
Timothe
Luwawu-Cabarrot",ATL,7,G-F,6-7,215 lbs,Mega Basket,France
,"
Trey
Lyles",SAC,41,F,6-9,234 lbs,Kentucky,Canada
,"
Theo
Maledon",OKC,11,G,6-4,175 lbs,Asvel,France
,"
Sandro
Mamukelashvili",MIL,54,F-C,6-9,240 lbs,Seton Hall,Georgia
,"
Terance
Mann",LAC,14,G-F,6-5,215 lbs,Florida State,USA
,"
Tre
Mann",OKC,23,G,6-3,178 lbs,Florida,USA
,"
Boban
Marjanovic",DAL,51,C,7-3,290 lbs,Crvena zvezda,Serbia
,"
Lauri
Markkanen",CLE,24,F-C,6-11,240 lbs,Arizona,Finland
,"
Naji
Marshall",NOP,8,F,6-7,220 lbs,Xavier,USA
,"
Caleb
Martin",MIA,16,F,6-5,205 lbs,Nevada-Reno,USA
,"
Cody
Martin",CHA,11,F,6-6,205 lbs,Nevada-Reno,USA
,"
Kelan
Martin",BOS,4,F,6-5,230 lbs,Butler,USA
,"
Kenyon
Martin Jr.",HOU,6,F,6-5,215 lbs,IMG Academy (FL),USA
,"
Garrison
Mathews",HOU,25,G,6-5,215 lbs,Lipscomb,USA
,"
Dakota
Mathias",,,G,6-4,200 lbs,Purdue,USA
,"
Wesley
Matthews",MIL,23,G,6-4,220 lbs,Marquette,USA
,"
Tyrese
Maxey",PHI,0,G,6-2,200 lbs,Kentucky,USA
,"
Skylar
Mays",ATL,4,G,6-4,205 lbs,Louisiana State,USA
,"
Miles
McBride",NYK,2,G,6-1,195 lbs,West Virginia,USA
,"
Mac
McClung",,,G,6-2,185 lbs,Texas Tech,USA
,"
CJ
McCollum",NOP,3,G,6-3,190 lbs,Lehigh,USA
,"
T.J.
McConnell",IND,9,G,6-1,190 lbs,Arizona,USA
,"
Jaden
McDaniels",MIN,3,F,6-9,185 lbs,Washington,USA
,"
Jalen
McDaniels",CHA,6,F-C,6-9,205 lbs,San Diego State,USA
,"
Doug
McDermott",SAS,17,F,6-7,225 lbs,Creighton,USA
,"
JaVale
McGee",PHX,0,C-F,7-0,270 lbs,Nevada-Reno,USA
,"
Cameron
McGriff",,,F,6-7,220 lbs,Oklahoma State,USA
,"
Rodney
McGruder",DET,17,G,6-4,205 lbs,Kansas State,USA
,"
Alfonzo
McKinnie",,,F,6-7,215 lbs,Wisc.-Green Bay,USA
,"
JaQuori
McLaughlin",,,G,6-4,190 lbs,Cal-Santa Barbara,USA
,"
Jordan
McLaughlin",MIN,6,G,5-11,185 lbs,Southern California,USA
,"
Ben
McLemore",POR,23,G,6-3,195 lbs,Kansas,USA
,"
De'Anthony
Melton",MEM,0,G,6-2,200 lbs,Southern California,USA
,"
Sam
Merrill",,,G,6-4,205 lbs,Utah State,USA
,"
Chimezie
Metu",SAC,7,F-C,6-9,225 lbs,Southern California,USA
,"
Khris
Middleton",MIL,22,F,6-7,222 lbs,Texas A&M,USA
,"
CJ
Miles",,,G,6-6,220 lbs,No College,USA
,"
Patty
Mills",BKN,8,G,6-0,180 lbs,St.Mary's College of California,Australia
,"
Paul
Millsap",PHI,8,F,6-7,257 lbs,Louisiana Tech,USA
,"
Shake
Milton",PHI,18,G-F,6-5,205 lbs,Southern Methodist,USA
,"
Davion
Mitchell",SAC,15,G,6-0,202 lbs,Baylor,USA
,"
Donovan
Mitchell",UTA,45,G,6-1,215 lbs,Louisville,USA
,"
Evan
Mobley",CLE,4,C,6-11,215 lbs,Southern California,USA
,"
Malik
Monk",LAL,11,G,6-3,200 lbs,Kentucky,USA
,"
Greg
Monroe",,,F-C,6-10,250 lbs,Georgetown,USA
,"
Moses
Moody",GSW,4,G,6-5,211 lbs,Arkansas,USA
,"
Xavier
Moon",,,G,6-2,165 lbs,Morehead State,USA
,"
Matt
Mooney",,,G,6-2,199 lbs,Texas Tech,USA
,"
Ja
Morant",MEM,12,G,6-3,174 lbs,Murray State,USA
,"
Juwan
Morgan",,,F,6-7,232 lbs,Indiana,USA
,"
Jaylen
Morris",,,G,6-5,185 lbs,Molloy,USA
,"
Markieff
Morris",MIA,8,F,6-9,245 lbs,Kansas,USA
,"
Monte
Morris",DEN,11,G,6-2,183 lbs,Iowa State,USA
,"
Marcus
Morris Sr.",LAC,8,F,6-8,218 lbs,Kansas,USA
,"
Emmanuel
Mudiay",,,G,6-3,200 lbs,,Democratic Republic of the Congo
,"
Mychal
Mulder",,,G,6-3,184 lbs,Kentucky,Canada
,"
Ade
Murkey",,,G,6-5,200 lbs,Denver,USA
,"
Trey
Murphy III",NOP,25,F,6-8,206 lbs,Virginia,USA
,"
Dejounte
Murray",SAS,5,G,6-4,180 lbs,Washington,USA
,"
Jamal
Murray",DEN,27,G,6-3,215 lbs,Kentucky,Canada
,"
Mike
Muscala",OKC,33,F-C,6-10,240 lbs,Bucknell,USA
,"
Svi
Mykhailiuk",TOR,14,G-F,6-7,205 lbs,Kansas,Ukraine
,"
Abdel
Nader",,,F,6-5,225 lbs,Iowa State,Egypt
,"
Larry
Nance Jr.",NOP,22,F-C,6-7,245 lbs,Wyoming,USA
,"
RJ
Nembhard Jr.",CLE,5,G,6-4,200 lbs,TCU,USA
,"
Aaron
Nesmith",BOS,26,G-F,6-5,215 lbs,Vanderbilt,USA
,"
Raul
Neto",WAS,19,G,6-2,180 lbs,Murcia,Brazil
,"
Malik
Newman",,,G,6-3,190 lbs,Kansas,USA
,"
Georges
Niang",PHI,20,F,6-7,230 lbs,Iowa State,USA
,"
Daishen
Nix",HOU,15,G,6-4,226 lbs,NBA G League Ignite,USA
,"
Zeke
Nnaji",DEN,22,F-C,6-9,240 lbs,Arizona,USA
,"
Nerlens
Noel",NYK,3,C-F,6-11,220 lbs,Kentucky,USA
,"
Jaylen
Nowell",MIN,4,G,6-4,201 lbs,Washington,USA
,"
Frank
Ntilikina",DAL,21,G,6-4,200 lbs,Strasbourg IG,France
,"
Kendrick
Nunn",LAL,12,G,6-2,190 lbs,Oakland,USA
,"
Jusuf
Nurkic",POR,27,C,6-11,290 lbs,Cedevita,Bosnia and Herzegovina
,"
David
Nwaba",HOU,2,G-F,6-5,219 lbs,Cal Poly,USA
,"
Jordan
Nwora",MIL,13,F,6-8,225 lbs,Louisville,USA
,"
Royce
O'Neale",UTA,23,F,6-5,226 lbs,Baylor,USA
,"
Semi
Ojeleye",LAC,37,F,6-6,240 lbs,Southern Methodist,USA
,"
Chuma
Okeke",ORL,3,F,6-6,229 lbs,Auburn,USA
,"
Josh
Okogie",MIN,20,G,6-4,213 lbs,Georgia Tech,Nigeria
,"
Onyeka
Okongwu",ATL,17,F-C,6-8,240 lbs,Southern California,USA
,"
Isaac
Okoro",CLE,35,F-G,6-5,225 lbs,Auburn,USA
,"
KZ
Okpala",,,F-G,6-8,215 lbs,Stanford,USA
,"
Victor
Oladipo",MIA,4,G,6-4,213 lbs,Indiana,USA
,"
Cameron
Oliver",,,F,6-8,239 lbs,Nevada,USA
,"
Kelly
Olynyk",DET,13,F-C,6-11,240 lbs,Gonzaga,Canada
,"
Eugene
Omoruyi",,,F,6-6,235 lbs,Oregon,Nigeria
,"
Miye
Oni",,,G-F,6-5,206 lbs,Yale,USA
,"
Cedi
Osman",CLE,16,F,6-7,230 lbs,Anadolu Efes,Turkey
,"
Daniel
Oturu",,,C,6-8,240 lbs,Minnesota,USA
,"
Kelly
Oubre Jr.",CHA,12,F-G,6-6,203 lbs,Kansas,USA
,"
Jaysean
Paige",,,G,6-2,200 lbs,West Virginia,USA
,"
Trayvon
Palmer",,,G,6-6,200 lbs,Chicago State,USA
,"
Kevin
Pangos",,,G,6-1,179 lbs,Gonzaga,Canada
,"
Jabari
Parker",,,F,6-7,245 lbs,Duke,USA
,"
Eric
Paschall",UTA,0,F,6-6,255 lbs,Villanova,USA
,"
Chris
Paul",PHX,3,G,6-0,175 lbs,Wake Forest,USA
,"
Cameron
Payne",PHX,15,G,6-1,183 lbs,Murray State,USA
,"
Elfrid
Payton",PHX,2,G,6-3,195 lbs,Louisana-Lafayette,USA
,"
Gary
Payton II",GSW,0,G,6-3,195 lbs,Oregon State,USA
,"
Norvel
Pelle",,,C,6-10,231 lbs,Iona,USA
,"
Reggie
Perry",,,F-C,6-8,250 lbs,Mississippi State,USA
,"
Jamorko
Pickett",DET,24,F,6-9,206 lbs,Georgetown,USA
,"
Theo
Pinson",DAL,21,G-F,6-5,212 lbs,North Carolina,USA
,"
Mason
Plumlee",CHA,24,F-C,6-11,254 lbs,Duke,USA
,"
Jakob
Poeltl",SAS,25,C,7-1,245 lbs,Utah,Austria
,"
Aleksej
Pokusevski",OKC,17,F,7-0,190 lbs,Olympiacos,Serbia
,"
Yves
Pons",MEM,5,F,6-5,206 lbs,Tennessee,France
,"
Jordan
Poole",GSW,3,G,6-4,194 lbs,Michigan,USA
,"
Kevin
Porter Jr.",HOU,3,G-F,6-4,203 lbs,Southern California,USA
,"
Michael
Porter Jr.",DEN,1,F,6-10,218 lbs,Missouri,USA
,"
Otto
Porter Jr.",GSW,32,F,6-8,198 lbs,Georgetown,USA
,"
Bobby
Portis",MIL,9,F,6-10,250 lbs,Arkansas,USA
,"
Kristaps
Porzingis",WAS,6,F-C,7-3,240 lbs,Cajasol Sevilla,Latvia
,"
Micah
Potter",,,C,6-10,248 lbs,Wisconsin,USA
,"
Dwight
Powell",DAL,7,F-C,6-10,240 lbs,Stanford,Canada
,"
Myles
Powell",PHI,5,G,6-2,195 lbs,Seton Hall,USA
,"
Norman
Powell",LAC,24,G,6-3,215 lbs,UCLA,USA
,"
Jason
Preston",LAC,17,G,6-3,181 lbs,Ohio,USA
,"
Joshua
Primo",SAS,11,G,6-4,189 lbs,Alabama,Canada
,"
Taurean
Prince",MIN,12,F,6-6,218 lbs,Baylor,USA
,"
Payton
Pritchard",BOS,11,G,6-1,195 lbs,Oregon,USA
,"
Trevelin
Queen",HOU,21,G,6-6,190 lbs,New Mexico State,USA
,"
Neemias
Queta",SAC,88,C,7-0,248 lbs,Utah State,Portugal
,"
Immanuel
Quickley",NYK,5,G,6-3,190 lbs,Kentucky,USA
,"
Jahmi'us
Ramsey",,,G,6-3,190 lbs,Texas Tech,USA
,"
Julius
Randle",NYK,30,F-C,6-8,250 lbs,Kentucky,USA
,"
Austin
Reaves",LAL,15,G,6-5,197 lbs,Oklahoma,USA
,"
Cam
Reddish",NYK,21,F-G,6-8,217 lbs,Duke,USA
,"
Davon
Reed",DEN,9,G,6-5,206 lbs,Miami,USA
,"
Paul
Reed",PHI,44,F,6-9,210 lbs,DePaul,USA
,"
Naz
Reid",MIN,11,C-F,6-9,264 lbs,Louisiana State,USA
,"
Nick
Richards",CHA,14,C,7-0,245 lbs,Kentucky,Jamaica
,"
Josh
Richardson",SAS,7,G,6-5,200 lbs,Tennessee,USA
,"
Austin
Rivers",DEN,25,G,6-4,200 lbs,Duke,USA
,"
Duncan
Robinson",MIA,55,F,6-7,215 lbs,Michigan,USA
,"
Justin
Robinson",,,G,6-1,195 lbs,Virginia Tech,USA
,"
Mitchell
Robinson",NYK,23,C-F,7-0,240 lbs,Western Kentucky,USA
,"
Jeremiah
Robinson-Earl",OKC,50,F,6-8,242 lbs,Villanova,USA
,"
Isaiah
Roby",OKC,22,F,6-8,230 lbs,Nebraska-Lincoln,USA
,"
Rajon
Rondo",CLE,1,G,6-1,180 lbs,Kentucky,USA
,"
Derrick
Rose",NYK,4,G,6-2,200 lbs,Memphis,USA
,"
Terrence
Ross",ORL,31,G-F,6-6,206 lbs,Washington,USA
,"
Terry
Rozier",CHA,3,G,6-1,190 lbs,Louisville,USA
,"
Ricky
Rubio",IND,99,G,6-2,190 lbs,FC Barcelona,Spain
,"
D'Angelo
Russell",MIN,0,G,6-4,193 lbs,Ohio State,USA
,"
Matt
Ryan",BOS,,F,6-7,215 lbs,Tennessee-Chattanooga,USA
,"
Domantas
Sabonis",SAC,10,F-C,6-11,240 lbs,Gonzaga,Lithuania
,"
Luka
Samanic",NYK,91,F,6-10,227 lbs,Union Olimpija,Croatia
,"
Dario
Saric",PHX,20,F-C,6-10,225 lbs,Anadolu Efes,Croatia
,"
Olivier
Sarr",OKC,30,C,7-0,240 lbs,Kentucky,France
,"
Tomas
Satoransky",WAS,31,G,6-7,210 lbs,FC Barcelona,Czech Republic
,"
Jordan
Schakel",WAS,20,G,6-6,200 lbs,San Diego State,USA
,"
Admiral
Schofield",ORL,25,F,6-5,241 lbs,Tennessee,United Kingdom
,"
Dennis
Schroder",HOU,17,G,6-1,172 lbs,Braunschweig,Germany
,"
Trevon
Scott",,,F,6-8,225 lbs,Cincinnati,USA
,"
Jay
Scrubb",LAC,0,G,6-5,220 lbs,John A. Logan,USA
,"
Wayne
Selden",,,G,6-4,232 lbs,Kansas,USA
,"
Alperen
Sengun",HOU,28,C,6-10,243 lbs,Besiktas,Turkey
,"
Collin
Sexton",CLE,2,G,6-1,190 lbs,Alabama,USA
,"
Landry
Shamet",PHX,14,G,6-4,190 lbs,Wichita State,USA
,"
Day'Ron
Sharpe",BKN,20,F,6-9,265 lbs,North Carolina,USA
,"
Pascal
Siakam",TOR,43,F,6-8,230 lbs,New Mexico State,Cameroon
,"
Chris
Silva",,,F,6-8,234 lbs,South Carolina,Gabon
,"
Ben
Simmons",BKN,10,G-F,6-11,240 lbs,Louisiana State,Australia
,"
Marko
Simonovic",CHI,19,C,6-11,220 lbs,Mega Basket,Montenegro
,"
Anfernee
Simons",POR,1,G,6-3,181 lbs,Edgewater HS (FL),USA
,"
Jericho
Sims",NYK,45,C,6-9,250 lbs,Texas-Austin,USA
,"
Deividas
Sirvydis",,,F-G,6-8,190 lbs,Lietuvos rytas Vilnius,Lithuania
,"
Javonte
Smart",MIA,15,G,6-4,205 lbs,Louisiana State,USA
,"
Marcus
Smart",BOS,36,G,6-4,220 lbs,Oklahoma State,USA
,"
Chris
Smith",DET,0,F,6-9,215 lbs,UCLA,USA
,"
Ish
Smith",WAS,10,G,6-0,175 lbs,Wake Forest,USA
,"
Jalen
Smith",IND,25,F-C,6-10,215 lbs,Maryland,USA
,"
Dennis
Smith Jr.",,,G,6-2,205 lbs,North Carolina State,USA
,"
Xavier
Sneed",UTA,19,F,6-5,215 lbs,Kansas State,USA
,"
Tony
Snell",NOP,21,G,6-6,213 lbs,New Mexico,USA
,"
Jaden
Springer",PHI,11,G,6-4,202 lbs,Tennessee,USA
,"
Cassius
Stanley",,,G,6-5,190 lbs,Duke,USA
,"
Nik
Stauskas",BOS,13,G,6-6,207 lbs,Michigan,Canada
,"
Lance
Stephenson",IND,6,F,6-5,210 lbs,Cincinnati,USA
,"
Lamar
Stevens",CLE,8,F,6-6,230 lbs,Penn State,USA
,"
DJ
Stewart",SAS,18,G,6-5,205 lbs,Mississippi State,USA
,"
Isaiah
Stewart",DET,28,F-C,6-8,250 lbs,Washington,USA
,"
Max
Strus",MIA,31,G-F,6-5,215 lbs,DePaul,USA
,"
Jalen
Suggs",ORL,4,G,6-5,205 lbs,Gonzaga,USA
,"
Craig
Sword",,,G,6-3,196 lbs,Mississippi State,USA
,"
Keifer
Sykes",IND,28,G,5-11,167 lbs,Wisconsin-Green Bay,USA
,"
Jae'Sean
Tate",HOU,8,F,6-4,230 lbs,Ohio State,USA
,"
Jayson
Tatum",BOS,0,F-G,6-8,210 lbs,Duke,USA
,"
Terry
Taylor",IND,32,F,6-5,230 lbs,Austin Peay,USA
,"
Garrett
Temple",NOP,41,G-F,6-5,195 lbs,Louisiana State,USA
,"
Emanuel
Terry",,,F,6-9,220 lbs,Lincoln Memorial,USA
,"
Tyrell
Terry",MEM,3,G,6-2,160 lbs,Stanford,USA
,"
Jon
Teske",,,C,7-1,265 lbs,Michigan,USA
,"
Daniel
Theis",BOS,27,F-C,6-9,245 lbs,Brose Bamberg,Germany
,"
Brodric
Thomas",BOS,97,G,6-5,185 lbs,Truman State,USA
,"
Cam
Thomas",BKN,24,G,6-3,210 lbs,Louisiana State,Japan
,"
Isaiah
Thomas",CHA,31,G,5-9,185 lbs,Washington,USA
,"
Matt
Thomas",CHI,21,G,6-3,190 lbs,Iowa State,USA
,"
Klay
Thompson",GSW,11,G,6-6,220 lbs,Washington State,USA
,"
Tristan
Thompson",CHI,3,C-F,6-9,254 lbs,Texas-Austin,Canada
,"
JT
Thor",CHA,21,F,6-9,203 lbs,Auburn,USA
,"
Matisse
Thybulle",PHI,22,G-F,6-5,201 lbs,Washington,USA
,"
Killian
Tillie",MEM,35,F-C,6-9,220 lbs,Gonzaga,France
,"
Xavier
Tillman",MEM,2,F,6-8,245 lbs,Michigan State,USA
,"
Isaiah
Todd",WAS,14,F,6-9,219 lbs,NBA G League Ignite,USA
,"
Obi
Toppin",NYK,1,F,6-9,220 lbs,Dayton,USA
,"
Juan
Toscano-Anderson",GSW,95,F,6-6,209 lbs,Marquette,USA
,"
Karl-Anthony
Towns",MIN,32,C-F,6-11,248 lbs,Kentucky,USA
,"
Gary
Trent Jr.",TOR,33,G-F,6-5,209 lbs,Duke,USA
,"
P.J.
Tucker",MIA,17,F,6-5,245 lbs,Texas-Austin,USA
,"
Rayjon
Tucker",,,G,6-3,209 lbs,Arkansas-Little Rock,USA
,"
Myles
Turner",IND,33,C-F,6-11,250 lbs,Texas-Austin,USA
,"
Jonas
Valanciunas",NOP,17,C,6-11,265 lbs,Lietuvos rytas Vilnius,Lithuania
,"
Denzel
Valentine",,,G,6-4,220 lbs,Michigan State,USA
,"
Fred
VanVleet",TOR,23,G,6-1,197 lbs,Wichita State,USA
,"
Jarred
Vanderbilt",MIN,8,F,6-9,214 lbs,Kentucky,USA
,"
Devin
Vassell",SAS,24,G-F,6-5,200 lbs,Florida State,USA
,"
Gabe
Vincent",MIA,2,G,6-3,200 lbs,California-Santa Barbara,USA
,"
Nikola
Vucevic",CHI,9,C,6-10,260 lbs,Southern California,Montenegro
,"
Dean
Wade",CLE,32,F-C,6-9,228 lbs,Kansas State,USA
,"
Franz
Wagner",ORL,22,F,6-10,220 lbs,Michigan,Germany
,"
Moritz
Wagner",ORL,21,F-C,6-11,245 lbs,Michigan,Germany
,"
Ish
Wainright",PHX,12,F,6-5,250 lbs,Baylor,USA
,"
Kemba
Walker",NYK,8,G,6-0,184 lbs,Connecticut,USA
,"
MJ
Walker",,,G,6-5,213 lbs,Florida State,USA
,"
Lonnie
Walker IV",SAS,1,G-F,6-4,204 lbs,Miami,USA
,"
John
Wall",HOU,1,G,6-3,210 lbs,Kentucky,USA
,"
Tyrone
Wallace",NOP,8,G,6-5,198 lbs,California,USA
,"
Derrick
Walton Jr.",,,G,6-0,185 lbs,Michigan,USA
,"
Brad
Wanamaker",,,G,6-3,210 lbs,Pittsburgh,USA
,"
T.J.
Warren",IND,1,F,6-8,220 lbs,North Carolina State,USA
,"
P.J.
Washington",CHA,25,F,6-7,230 lbs,Kentucky,USA
,"
Duane
Washington Jr.",IND,4,G,6-3,197 lbs,Ohio State,Germany
,"
Yuta
Watanabe",TOR,18,G-F,6-9,215 lbs,George Washington,Japan
,"
Tremont
Waters",,,G,5-10,175 lbs,Louisiana State,USA
,"
Lindy
Waters III",OKC,12,F,6-6,215 lbs,Oklahoma State,USA
,"
Trendon
Watford",POR,2,F,6-8,237 lbs,Louisiana State,USA
,"
Paul
Watson",,,G,6-6,210 lbs,Fresno State,USA
,"
Quinndary
Weatherspoon",GSW,15,G,6-3,205 lbs,Mississippi State,USA
,"
Russell
Westbrook",LAL,0,G,6-3,200 lbs,UCLA,USA
,"
Coby
White",CHI,0,G,6-4,195 lbs,North Carolina,USA
,"
Derrick
White",BOS,9,G,6-4,190 lbs,Colorado,USA
,"
Hassan
Whiteside",UTA,21,C,7-0,265 lbs,Marshall,USA
,"
Joe
Wieskamp",SAS,15,G-F,6-6,205 lbs,Iowa,USA
,"
Aaron
Wiggins",OKC,21,G,6-4,190 lbs,Maryland,USA
,"
Andrew
Wiggins",GSW,22,F,6-7,197 lbs,Kansas,Canada
,"
Lindell
Wigginton",MIL,28,G,6-1,189 lbs,Iowa State,Canada
,"
Brandon
Williams",POR,,G,6-2,190 lbs,Arizona,USA
,"
Grant
Williams",BOS,12,F,6-6,236 lbs,Tennessee,USA
,"
Kenrich
Williams",OKC,34,G-F,6-6,210 lbs,TCU,USA
,"
Lou
Williams",ATL,6,G,6-2,175 lbs,South Gwinnett HS (GA),USA
,"
Patrick
Williams",CHI,44,F,6-7,215 lbs,Florida State,USA
,"
Ziaire
Williams",MEM,8,F,6-9,185 lbs,Stanford,USA
,"
Robert
Williams III",BOS,44,C-F,6-9,237 lbs,Texas A&M,USA
,"
Zion
Williamson",NOP,1,F,6-6,284 lbs,Duke,USA
,"
D.J.
Wilson",,,F,6-10,231 lbs,Michigan,USA
,"
Dylan
Windler",CLE,9,G-F,6-6,196 lbs,Belmont,USA
,"
Justise
Winslow",POR,26,F-G,6-6,222 lbs,Duke,USA
,"
Cassius
Winston",WAS,5,G,6-1,185 lbs,Michigan State,USA
,"
James
Wiseman",GSW,33,C,7-0,240 lbs,Memphis,USA
,"
Christian
Wood",HOU,35,F,6-9,214 lbs,UNLV,USA
,"
Robert
Woodard II",SAS,17,F,6-6,235 lbs,Mississippi State,USA
,"
Delon
Wright",ATL,0,G,6-5,185 lbs,Utah,USA
,"
Moses
Wright",DAL,,F,6-8,226 lbs,Georgia Tech,USA
,"
McKinley
Wright IV",MIN,25,G,5-11,192 lbs,Colorado,USA
,"
Thaddeus
Young",TOR,21,F,6-8,235 lbs,Georgia Tech,USA
,"
Trae
Young",ATL,11,G,6-1,164 lbs,Oklahoma,USA
,"
Omer
Yurtseven",MIA,77,C,6-11,275 lbs,Georgetown,Turkey
,"
Cody
Zeller",,,F-C,6-11,240 lbs,Indiana,USA
,"
Ivica
Zubac",LAC,40,C,7-0,240 lbs,Mega Basket,Croatia