,,,,,,,,,,,,,,,,,,,,
,PLAYER,TEAM,AGE,HEIGHT,WEIGHT,COLLEGE,COUNTRY,DRAFT YEAR,DRAFT ROUND,DRAFT NUMBER,GP,PTS,REB,AST,NETRTG,OREB%,DREB%,USG%,TS%,AST%
,Aaron Gordon,DEN,26,6-8,235,Arizona,USA,2014,1,4,62,14.5,5.7,2.5,6.3,5.5%,12.5%,19.1%,59.1%,11.0%
,Aaron Henry,PHI,22,6-5,210,Michigan State,USA,Undrafted,Undrafted,Undrafted,6,0.3,0.2,0.0,-56.0,0.0%,4.8%,14.9%,20.0%,0.0%
,Aaron Holiday,PHX,25,6-0,185,UCLA,USA,2018,1,23,53,6.6,1.8,2.3,-3.1,1.8%,8.5%,18.1%,56.3%,21.8%
,Aaron Nesmith,BOS,22,6-5,215,Vanderbilt,USA,2020,1,14,45,3.4,1.7,0.4,3.6,2.9%,12.1%,16.6%,46.8%,5.7%
,Aaron Wiggins,OKC,23,6-4,190,Maryland,USA,2021,2,55,40,7.6,3.6,1.1,-6.6,3.9%,10.7%,13.6%,56.9%,7.0%
,Abdel Nader,PHX,28,6-5,225,Iowa State,Egypt,2016,2,58,14,2.4,1.9,0.5,-0.9,2.6%,14.5%,13.9%,43.1%,6.5%
,Ade Murkey,SAC,24,6-5,200,Denver,USA,Undrafted,Undrafted,Undrafted,1,0.0,0.0,0.0,-33.3,0.0%,0.0%,0.0%,0.0%,0.0%
,Admiral Schofield,ORL,24,6-5,241,Tennessee,United Kingdo...,2019,2,42,29,3.2,1.9,0.6,-8.7,3.5%,13.1%,14.1%,55.8%,8.4%
,Ahmad Caver,IND,25,6-2,174,Old Dominion,USA,2019,,,1,2.0,0.0,0.0,133.3,0.0%,0.0%,50.0%,100%,0.0%
,Al Horford,BOS,35,6-9,240,Florida,Dominican Rep...,2007,1,3,59,10.3,7.6,3.3,7.9,5.4%,19.9%,15.3%,55.9%,16.2%
,Alec Burks,NYK,30,6-6,214,Colorado,USA,2011,1,12,67,11.0,4.7,2.9,0.7,2.0%,14.6%,17.0%,54.2%,15.9%
,Aleem Ford,ORL,24,6-8,220,Wisconsin,USA,Undrafted,Undrafted,Undrafted,5,2.8,3.0,0.4,-22.1,2.8%,16.0%,14.8%,35.0%,4.3%
,Aleksej Pokusevski,OKC,20,7-0,190,None,Serbia,2020,1,17,51,6.5,4.8,1.4,-4.5,5.7%,19.7%,18.8%,47.2%,12.3%
,Alex Caruso,CHI,28,6-5,186,Texas A&M,USA,Undrafted,Undrafted,Undrafted,29,8.4,3.8,3.9,9.4,3.1%,10.3%,13.7%,56.5%,19.2%
,Alex Len,SAC,28,7-0,250,Maryland,Ukraine,2013,1,5,35,6.1,4.4,1.2,-7.2,7.6%,18.0%,16.5%,56.8%,10.2%
,Alfonzo McKinnie,CHI,29,6-7,215,Wisc.-Green Bay,USA,Undrafted,Undrafted,Undrafted,17,3.5,1.9,0.3,-12.9,5.9%,11.5%,14.8%,45.7%,3.4%
,Alize Johnson,NOP,25,6-8,212,Missouri State,USA,2018,2,50,23,1.8,2.7,0.4,-10.6,15.6%,20.2%,14.0%,46.3%,8.0%
,Alperen Sengun,HOU,19,6-10,243,None,Turkey,2021,1,16,60,9.0,5.1,2.4,-10.9,8.5%,17.9%,21.8%,54.5%,19.4%
,Amir Coffey,LAC,24,6-7,210,Minnesota,USA,Undrafted,Undrafted,Undrafted,57,8.6,2.8,1.8,-1.1,1.7%,9.8%,14.8%,59.1%,10.9%
,Andre Drummond,BKN,28,6-10,279,Connecticut,USA,2012,1,9,60,6.9,8.9,2.0,1.5,14.2%,32.1%,17.5%,55.8%,14.9%
,Andre Iguodala,GSW,38,6-6,215,Arizona,USA,2004,1,9,26,4.1,3.3,3.8,10.6,3.6%,11.6%,10.9%,49.1%,26.3%
,Andrew Wiggins,GSW,27,6-7,197,Kansas,Canada,2014,1,1,62,17.3,4.4,2.3,7.0,3.4%,9.6%,22.4%,56.4%,11.4%
,Anfernee Simons,POR,22,6-3,181,None,USA,2018,1,24,57,17.3,2.6,3.9,-2.5,1.5%,7.5%,24.4%,58.3%,21.9%
,Anthony Davis,LAL,29,6-10,253,Kentucky,USA,2012,1,1,37,23.1,9.7,2.9,-2.4,7.6%,18.6%,26.1%,58.2%,14.0%
,Anthony Edwards,MIN,20,6-4,225,Georgia,USA,2020,1,1,59,21.2,4.7,3.7,4.7,2.3%,10.9%,26.5%,55.0%,16.8%
,Anthony Gill,WAS,29,6-7,230,Virginia,USA,Undrafted,Undrafted,Undrafted,31,3.5,1.5,0.5,9.5,8.3%,9.3%,14.3%,70.3%,8.6%
,Anthony Lamb,SAS,24,6-6,227,Vermont,USA,Undrafted,Undrafted,Undrafted,2,0.0,0.5,1.0,29.4,0.0%,12.5%,10.5%,0.0%,40.0%
,Armoni Brooks,TOR,23,6-3,195,Houston,USA,2019,,,44,5.8,1.9,1.2,-4.9,1.7%,9.7%,16.4%,48.8%,10.2%
,Arnoldas Kulboka,CHA,24,6-10,209,None,Lithuania,2018,2,55,1,0.0,0.0,0.0,-133.3,0.0%,0.0%,0.0%,0.0%,0.0%
,Austin Reaves,LAL,23,6-5,197,Oklahoma,USA,Undrafted,Undrafted,Undrafted,48,6.7,2.8,1.4,4.0,2.4%,9.2%,11.2%,62.5%,7.9%
,Austin Rivers,DEN,29,6-4,200,Duke,USA,2012,1,10,53,6.2,1.7,1.3,2.7,1.5%,6.2%,12.9%,53.8%,8.2%
,Avery Bradley,LAL,31,6-3,180,Texas-Austin,USA,2010,1,19,53,6.5,2.3,0.8,-5.0,2.2%,7.2%,12.1%,53.7%,4.8%
,Ayo Dosunmu,CHI,22,6-4,200,Illinois,USA,2021,2,38,62,8.5,2.9,3.3,-1.5,1.2%,9.4%,13.3%,61.3%,16.1%
,BJ Johnson,ORL,26,6-6,200,La Salle,USA,Undrafted,Undrafted,Undrafted,4,6.5,3.8,0.0,-9.2,9.1%,12.2%,16.9%,52.0%,0.0%
,Bam Adebayo,MIA,24,6-9,255,Kentucky,USA,2017,1,14,44,19.0,10.4,3.5,7.4,7.8%,23.5%,24.8%,59.1%,17.9%
,Ben McLemore,POR,29,6-3,195,Kansas,USA,2013,1,7,49,8.6,1.5,0.9,-12.1,1.1%,6.8%,19.9%,53.6%,7.8%
,Bismack Biyombo,PHX,29,6-8,255,None,DRC,2011,1,7,24,6.5,5.2,0.7,8.8,13.4%,19.6%,17.1%,61.8%,6.5%
,Blake Griffin,BKN,32,6-9,250,Oklahoma,USA,2009,1,1,52,6.5,4.1,1.9,-4.8,6.3%,16.7%,16.8%,50.8%,15.4%
,Boban Marjanovic,DAL,33,7-3,290,None,Serbia,Undrafted,Undrafted,Undrafted,19,4.3,1.6,0.1,13.0,7.2%,21.5%,31.6%,62.3%,3.8%
,Bobby Portis,MIL,27,6-10,250,Arkansas,USA,2015,1,22,59,15.5,9.2,1.2,6.5,8.4%,21.2%,21.0%,58.3%,6.2%
,Bogdan Bogdanovic,ATL,29,6-6,225,None,Serbia,2014,1,27,49,14.1,4.0,3.1,2.4,1.4%,11.9%,20.0%,55.8%,15.3%
,Bojan Bogdanovic,UTA,32,6-7,226,None,Croatia,2011,2,31,64,18.1,4.3,1.7,6.0,2.9%,10.4%,23.2%,60.3%,8.4%
,Bol Bol,ORL,22,7-2,220,Oregon,Sudan,2019,2,44,14,2.4,1.4,0.4,0.5,4.9%,21.1%,16.0%,56.5%,10.2%
,Bones Hyland,DEN,21,6-2,169,Virginia Commonwealth,USA,2021,1,26,55,8.9,2.7,2.3,0.5,1.0%,14.2%,22.9%,52.9%,19.8%
,Brad Wanamaker,WAS,32,6-3,210,Pittsburgh,USA,Undrafted,Undrafted,Undrafted,23,3.6,1.7,2.4,-6.4,1.8%,10.7%,14.6%,47.2%,24.3%
,Bradley Beal,WAS,28,6-4,207,Florida,USA,2012,1,3,40,23.2,4.7,6.6,-3.5,2.6%,9.9%,29.7%,53.9%,30.9%
,Brandon Boston Jr.,LAC,20,6-6,188,Kentucky,USA,2021,2,51,48,6.4,2.1,0.9,-5.4,2.0%,11.2%,21.4%,47.5%,9.5%
,Brandon Clarke,MEM,25,6-8,215,Gonzaga,Canada,2019,1,21,54,10.3,5.6,1.3,5.9,10.0%,15.3%,16.9%,66.4%,10.2%
,Brandon Goodwin,CLE,26,6-0,180,Florida Gulf Coast,USA,Undrafted,Undrafted,Undrafted,24,5.5,2.4,3.4,2.6,3.2%,11.9%,18.2%,48.1%,31.3%
,Brandon Ingram,NOP,24,6-8,190,Duke,USA,2016,1,2,50,22.8,5.7,5.5,2.9,1.9%,14.6%,29.1%,55.2%,26.7%
,Brandon Knight,DAL,30,6-2,182,Kentucky,USA,2011,1,8,3,10.0,2.3,2.7,7.9,0.0%,9.5%,21.7%,63.8%,22.9%
,Brandon Williams,POR,22,6-2,190,Arizona,USA,Undrafted,Undrafted,Undrafted,9,12.6,3.1,2.0,-18.0,2.1%,11.1%,26.4%,52.7%,17.5%
,Braxton Key,PHI,25,6-8,225,Virginia,USA,Undrafted,Undrafted,Undrafted,2,1.0,1.0,0.5,-33.3,10.0%,10.0%,21.1%,50.0%,33.3%
,Brodric Thomas,BOS,25,6-5,185,Truman State,USA,Undrafted,Undrafted,Undrafted,9,1.4,0.7,0.7,6.1,4.8%,6.9%,17.4%,44.0%,18.2%
,Brook Lopez,MIL,33,7-0,282,Stanford,USA,2008,1,10,1,8.0,5.0,0.0,2.0,5.7%,12.0%,12.9%,44.4%,0.0%
,Bruce Brown,BKN,25,6-4,202,Miami,USA,2018,2,42,59,7.7,4.6,1.6,-3.0,5.7%,13.3%,14.0%,55.4%,9.8%
,Bruno Fernando,HOU,23,6-9,240,Maryland,Angola,2019,2,34,25,2.0,1.4,0.2,-13.9,10.6%,20.8%,17.1%,67.3%,6.8%
,Bryn Forbes,DEN,28,6-2,205,Michigan State,USA,Undrafted,Undrafted,Undrafted,65,9.4,1.4,1.0,-0.6,0.7%,6.7%,20.5%,57.6%,8.5%
,Buddy Hield,IND,29,6-4,220,Oklahoma,Bahamas,2016,1,6,68,15.4,4.3,2.6,-2.7,2.3%,11.2%,21.2%,54.8%,12.7%
,CJ Elleby,POR,21,6-6,200,Washington State,USA,2020,2,46,42,5.0,3.3,1.2,-9.9,4.8%,13.8%,14.1%,48.3%,9.8%
,CJ McCollum,NOP,30,6-3,190,Lehigh,USA,2013,1,10,48,22.2,4.6,5.1,-3.3,2.7%,10.0%,26.4%,55.5%,23.4%
,CJ Miles,BOS,34,6-6,220,No College,USA,2005,2,34,1,0.0,0.0,0.0,-100.0,0.0%,0.0%,0.0%,0.0%,0.0%
,Cade Cunningham,DET,20,6-6,220,Oklahoma State,USA,2021,1,1,54,16.9,5.9,5.3,-6.7,2.7%,15.2%,26.9%,49.7%,27.0%
,Caleb Martin,MIA,26,6-5,205,Nevada-Reno,USA,Undrafted,Undrafted,Undrafted,52,9.4,4.0,1.1,5.9,5.8%,11.4%,15.9%,61.3%,7.2%
,Cam Reddish,NYK,22,6-8,217,Duke,USA,2019,1,10,49,10.1,2.1,1.0,-9.8,2.3%,7.5%,21.3%,54.3%,7.8%
,Cam Thomas,BKN,20,6-3,210,Louisiana State,Japan,2021,1,27,57,9.2,2.4,1.3,-5.9,1.1%,11.4%,21.5%,51.9%,10.5%
,Cameron Johnson,PHX,26,6-8,210,North Carolina,USA,2019,1,11,60,12.8,4.1,1.5,8.3,2.2%,12.2%,16.5%,64.8%,7.8%
,Cameron McGriff,POR,24,6-7,220,Oklahoma State,USA,Undrafted,Undrafted,Undrafted,3,4.7,5.0,1.0,7.3,9.8%,20.9%,12.2%,47.0%,8.6%
,Cameron Oliver,ATL,25,6-8,239,Nevada,USA,Undrafted,Undrafted,Undrafted,2,11.5,3.0,1.5,-0.9,5.1%,12.1%,16.7%,70.5%,9.7%
,Cameron Payne,PHX,27,6-1,183,Murray State,USA,2015,1,14,47,11.2,2.9,4.5,6.9,1.6%,10.7%,24.6%,49.8%,30.9%
,Caris LeVert,CLE,27,6-6,205,Michigan,USA,2016,1,20,43,18.2,3.6,4.4,-1.6,2.3%,9.4%,26.3%,52.3%,22.2%
,Carlik Jones,DEN,24,6-0,174,Louisville,USA,Undrafted,Undrafted,Undrafted,5,0.8,0.6,1.0,-33.1,4.2%,6.9%,22.0%,20.2%,41.7%
,Carmelo Anthony,LAL,37,6-7,238,Syracuse,USA,2003,1,3,59,13.6,4.2,1.0,-1.7,3.3%,11.5%,19.3%,59.1%,5.6%
,Cassius Stanley,DET,22,6-5,190,Duke,USA,2020,2,54,9,5.8,2.1,0.4,-4.3,2.8%,8.4%,14.8%,51.6%,4.3%
,Cassius Winston,WAS,24,6-1,185,Michigan State,USA,2020,2,53,5,2.0,0.0,1.0,-2.8,0.0%,0.0%,13.6%,72.7%,25.0%
,Cat Barber,ATL,27,6-1,173,North Carolina State,USA,2016,,,3,0.0,1.0,1.0,34.6,9.1%,28.6%,21.9%,0.0%,20.0%
,Cedi Osman,CLE,26,6-7,230,None,Turkey,2015,2,31,55,11.2,2.2,2.1,-0.7,1.5%,7.7%,20.8%,55.3%,14.3%
,Chandler Hutchison,PHX,25,6-6,210,Boise State,USA,2018,1,22,6,0.7,0.8,0.3,27.3,0.0%,16.7%,11.1%,69.4%,10.5%
,Charles Bassey,PHI,21,6-9,230,Western Kentucky,Nigeria,2021,2,53,23,3.0,2.7,0.3,-8.8,12.4%,23.3%,15.2%,66.0%,7.0%
,Charlie Brown Jr.,PHI,25,6-6,199,St. Joseph's (PA),USA,Undrafted,Undrafted,Undrafted,19,1.6,1.7,0.3,-3.8,6.9%,9.0%,10.9%,34.6%,4.7%
,Chaundee Brown Jr.,ATL,23,6-5,215,Michigan,USA,Undrafted,Undrafted,Undrafted,5,6.2,3.2,0.8,-8.7,0.9%,13.9%,14.6%,44.7%,5.6%
,Cheick Diallo,DET,25,6-8,219,Kansas,Mali,2016,2,33,3,3.7,4.0,0.0,-50.7,9.8%,29.6%,14.5%,51.7%,0.0%
,Chimezie Metu,SAC,24,6-9,225,Southern California,USA,2018,2,49,47,8.6,5.6,1.1,-5.3,2.9%,23.0%,18.3%,53.1%,7.6%
,Chris Boucher,TOR,29,6-9,200,Oregon,Saint Lucia,Undrafted,Undrafted,Undrafted,65,9.1,6.0,0.3,5.5,9.6%,18.1%,17.0%,57.7%,2.2%
,Chris Chiozza,GSW,26,5-11,175,Florida,USA,Undrafted,Undrafted,Undrafted,29,2.0,1.1,2.0,-7.0,2.8%,7.5%,13.0%,41.3%,27.3%
,Chris Duarte,IND,24,6-5,190,Oregon,Dominican Rep...,2021,1,13,54,13.2,4.1,2.1,-1.6,2.5%,11.7%,20.8%,53.8%,11.1%
,Chris Paul,PHX,36,6-0,175,Wake Forest,USA,2005,1,4,58,14.9,4.5,10.7,10.5,0.9%,11.7%,20.0%,57.9%,42.8%
,Chris Silva,MIA,25,6-8,234,South Carolina,Gabon,Undrafted,Undrafted,Undrafted,10,2.6,3.6,0.7,-16.1,12.7%,27.4%,12.3%,64.1%,13.0%
,Christian Wood,HOU,26,6-9,214,UNLV,USA,Undrafted,Undrafted,Undrafted,61,17.7,10.2,2.3,-9.9,5.5%,26.1%,23.1%,58.0%,12.1%
,Chuma Okeke,ORL,23,6-6,229,Auburn,USA,2019,1,16,58,8.3,4.8,1.7,-8.1,2.5%,16.5%,15.9%,50.2%,10.9%
,Clint Capela,ATL,27,6-10,256,None,Switzerland,2014,1,25,59,10.7,11.9,1.3,2.0,13.1%,28.5%,14.6%,59.6%,6.6%
,Coby White,CHI,22,6-4,195,North Carolina,USA,2019,1,7,47,13.5,3.2,3.0,0.6,1.3%,9.9%,19.3%,58.1%,14.6%
,Cody Martin,CHA,26,6-6,205,Nevada-Reno,USA,2019,2,36,57,8.2,4.0,2.5,0.4,4.1%,10.6%,12.7%,57.1%,12.1%
,Cody Zeller,POR,29,6-11,240,Indiana,USA,2013,1,4,27,5.2,4.6,0.8,-2.1,12.8%,21.2%,15.3%,62.7%,8.7%
,Cole Anthony,ORL,21,6-3,185,North Carolina,USA,2020,1,15,55,17.3,5.6,5.7,-4.8,1.6%,14.7%,24.8%,52.2%,27.5%
,Collin Sexton,CLE,23,6-1,190,Alabama,USA,2018,1,8,11,16.0,3.3,2.1,-5.8,4.1%,6.6%,26.4%,52.3%,12.5%
,Corey Kispert,WAS,23,6-6,224,Gonzaga,USA,2021,1,15,61,7.3,2.7,1.0,1.6,3.5%,8.7%,14.4%,56.5%,6.5%
,Cory Joseph,DET,30,6-3,200,Texas-Austin,Canada,2011,1,29,57,8.0,2.6,3.8,-7.6,1.8%,8.8%,14.0%,58.0%,22.8%
,Craig Sword,WAS,28,6-3,196,Mississippi State,USA,Undrafted,Undrafted,Undrafted,3,2.0,0.0,0.3,8.3,0.0%,0.0%,12.5%,75.0%,10.0%
,D'Angelo Russell,MIN,26,6-4,193,Ohio State,USA,2015,1,2,54,18.8,3.4,7.2,6.4,1.1%,8.9%,25.1%,54.9%,32.7%
,D.J. Augustin,LAL,34,5-11,183,Texas-Austin,USA,2008,1,9,40,5.3,1.3,2.2,-12.8,1.4%,6.9%,15.0%,59.8%,21.0%
,D.J. Wilson,TOR,26,6-10,231,Michigan,USA,2017,1,17,4,7.5,4.0,1.3,-16.5,1.7%,23.8%,15.9%,77.3%,14.7%
,DaQuan Jeffries,MEM,24,6-5,222,Tulsa,USA,Undrafted,Undrafted,Undrafted,3,0.7,0.7,0.3,-10.5,0.0%,25.0%,9.1%,50.0%,16.7%
,Daishen Nix,HOU,20,6-4,226,None,USA,Undrafted,Undrafted,Undrafted,12,3.8,1.1,1.8,0.9,1.7%,10.0%,16.5%,62.2%,23.9%
,Dakota Mathias,MEM,26,6-4,200,Purdue,USA,2018,,,6,1.0,0.3,0.2,-25.4,0.0%,15.4%,15.0%,50.0%,12.5%
,Dalano Banton,TOR,22,6-7,204,Nebraska,Canada,2021,2,46,57,3.4,2.0,1.6,2.4,4.6%,12.3%,16.1%,45.9%,19.4%
,Damian Jones,SAC,26,6-11,245,Vanderbilt,USA,2016,1,30,45,6.4,3.9,1.1,-5.1,7.9%,16.2%,15.3%,67.4%,10.5%
,Damian Lillard,POR,31,6-2,195,Weber State,USA,2012,1,6,29,24.0,4.1,7.3,-1.8,1.2%,10.4%,28.8%,55.0%,32.1%
,Damion Lee,GSW,29,6-5,210,Drexel,USA,Undrafted,Undrafted,Undrafted,53,7.6,3.1,1.0,2.1,2.0%,13.1%,15.7%,57.4%,7.1%
,Damyean Dotson,NYK,27,6-5,210,Houston,USA,2017,2,44,2,2.0,1.0,0.5,-0.8,0.0%,11.1%,8.9%,50.0%,7.1%
,Daniel Gafford,WAS,23,6-9,234,Arkansas,USA,2019,2,38,57,9.2,5.9,1.0,-5.9,11.5%,16.5%,15.6%,70.1%,7.5%
,Daniel Oturu,TOR,22,6-8,240,Minnesota,USA,2020,2,33,3,3.0,1.7,0.0,-36.8,3.6%,14.8%,12.5%,54.9%,0.0%
,Daniel Theis,BOS,29,6-9,245,None,Germany,Undrafted,Undrafted,Undrafted,34,7.3,4.7,0.8,-13.1,5.1%,16.7%,16.2%,56.3%,7.3%
,Danilo Gallinari,ATL,33,6-10,236,None,Italy,2008,1,6,56,11.0,4.6,1.4,2.4,2.2%,16.4%,17.8%,57.8%,8.1%
,Danny Green,PHI,34,6-6,215,North Carolina,USA,2009,2,46,46,6.1,2.4,1.0,4.7,2.3%,8.3%,12.4%,56.4%,6.2%
,Danuel House Jr.,UTA,28,6-6,220,Texas A&M,USA,Undrafted,Undrafted,Undrafted,35,5.6,2.6,1.2,-3.9,2.3%,12.6%,14.5%,56.0%,10.5%
,Darius Bazley,OKC,21,6-8,208,None,USA,2019,1,23,62,10.0,6.5,1.4,-10.3,3.5%,18.0%,17.4%,50.0%,7.7%
,Darius Garland,CLE,22,6-1,192,Vanderbilt,USA,2019,1,5,53,21.1,3.4,8.2,6.8,1.6%,7.8%,27.1%,58.4%,37.5%
,Darren Collison,LAL,34,6-0,160,UCLA,USA,2009,1,21,3,1.3,1.3,0.7,-18.4,0.0%,9.1%,7.7%,28.6%,6.3%
,David Duke Jr.,BKN,22,6-4,204,Providence,USA,Undrafted,Undrafted,Undrafted,21,5.0,3.2,0.8,0.4,7.7%,10.5%,15.0%,44.4%,6.6%
,David Johnson,TOR,21,6-4,203,Louisville,USA,2021,2,47,2,0.0,0.0,0.0,-75.0,0.0%,0.0%,14.3%,0.0%,0.0%
,David Nwaba,HOU,29,6-5,219,Cal Poly,USA,Undrafted,Undrafted,Undrafted,44,5.3,3.4,0.8,-7.7,6.1%,18.2%,15.4%,56.8%,8.3%
,Davion Mitchell,SAC,23,6-0,202,Baylor,USA,2021,1,9,62,10.0,2.2,3.3,-5.2,1.8%,6.3%,19.3%,47.4%,20.1%
,Davis Bertans,DAL,29,6-10,225,None,Latvia,2011,2,42,45,5.6,2.0,0.5,0.2,1.2%,12.2%,17.1%,50.0%,4.7%
,Davon Reed,DEN,26,6-5,206,Miami,USA,2017,2,32,37,4.4,2.4,1.0,4.6,2.1%,14.5%,11.8%,62.9%,11.0%
,Day'Ron Sharpe,BKN,20,6-9,265,North Carolina,USA,2021,1,29,32,6.2,5.0,0.5,6.9,19.7%,19.8%,20.5%,59.3%,6.2%
,De'Aaron Fox,SAC,24,6-3,185,Kentucky,USA,2017,1,5,57,23.0,3.9,5.6,-4.8,1.2%,9.6%,28.1%,55.0%,25.3%
,De'Andre Hunter,ATL,24,6-8,221,Virginia,USA,2019,1,4,39,13.2,3.2,1.3,-1.8,1.8%,8.8%,19.0%,55.6%,5.9%
,De'Anthony Melton,MEM,23,6-2,200,Southern California,USA,2018,2,46,60,9.7,4.4,2.7,6.6,3.6%,14.7%,20.0%,49.2%,15.7%
,DeAndre Jordan,PHI,33,6-11,265,Texas A&M,USA,2008,2,35,35,4.1,5.4,0.4,-12.1,11.8%,25.3%,12.5%,65.9%,5.1%
,DeAndre' Bembry,MIL,27,6-5,210,St. Joseph's (PA),USA,2016,1,21,56,5.1,2.9,1.2,-0.6,4.2%,10.6%,11.1%,60.1%,8.7%
,DeJon Jarreau,IND,24,6-5,185,Houston,USA,Undrafted,Undrafted,Undrafted,1,0.0,0.0,0.0,100.0,0.0%,0.0%,0.0%,0.0%,0.0%
,DeMar DeRozan,CHI,32,6-6,220,Southern California,USA,2009,1,9,63,28.1,5.4,5.1,3.8,2.4%,12.3%,30.9%,59.0%,23.5%
,DeMarcus Cousins,DEN,31,6-10,270,Kentucky,USA,2010,1,5,34,8.9,6.0,1.4,6.2,9.6%,29.2%,25.9%,54.9%,13.1%
,Dean Wade,CLE,25,6-9,228,Kansas State,USA,Undrafted,Undrafted,Undrafted,51,5.3,2.9,1.0,2.0,3.1%,12.0%,10.7%,58.4%,7.7%
,Deandre Ayton,PHX,23,6-11,250,Arizona,Bahamas,2018,1,1,47,16.9,10.0,1.4,8.7,9.0%,23.7%,21.2%,66.5%,7.2%
,Deividas Sirvydis,DET,21,6-8,190,None,Lithuania,2019,2,37,3,1.0,2.0,0.3,-42.3,0.0%,20.0%,14.9%,15.0%,6.3%
,Dejounte Murray,SAS,25,6-4,180,Washington,USA,2016,1,29,59,20.7,8.4,9.3,1.9,3.3%,19.9%,26.6%,52.6%,39.0%
,Delon Wright,ATL,29,6-5,185,Utah,USA,2015,1,20,62,4.2,2.8,2.3,0.4,3.7%,12.3%,10.7%,55.8%,18.4%
,Deni Avdija,WAS,21,6-9,210,None,Israel,2020,1,9,66,7.3,5.0,1.7,1.7,2.8%,18.3%,14.6%,53.3%,10.0%
,Dennis Schroder,HOU,28,6-1,172,None,Germany,2013,1,17,57,13.8,3.4,4.7,-0.4,2.0%,9.6%,22.5%,53.2%,25.5%
,Dennis Smith Jr.,POR,24,6-2,205,North Carolina State,USA,2017,1,9,37,5.6,2.4,3.6,-9.8,2.9%,10.7%,17.3%,47.4%,31.1%
,Denzel Valentine,UTA,28,6-4,220,Michigan State,USA,2016,1,14,24,2.9,1.8,0.5,-5.1,4.0%,15.0%,15.0%,52.3%,7.4%
,Derrick Favors,OKC,30,6-9,265,Georgia Tech,USA,2010,1,3,39,5.3,4.7,0.6,-11.0,7.9%,17.8%,13.1%,53.4%,6.1%
,Derrick Jones Jr.,CHI,25,6-6,210,UNLV,USA,Undrafted,Undrafted,Undrafted,42,5.8,3.4,0.5,5.0,6.8%,12.3%,12.1%,64.4%,3.7%
,Derrick Rose,NYK,33,6-2,200,Memphis,USA,2008,1,1,26,12.0,3.0,4.0,5.8,3.2%,8.0%,21.7%,54.1%,26.6%
,Derrick Walton Jr.,DET,26,6-0,185,Michigan,USA,Undrafted,Undrafted,Undrafted,3,6.3,3.3,7.0,0.5,1.5%,6.8%,14.2%,34.2%,26.9%
,Derrick White,BOS,27,6-4,190,Colorado,USA,2017,1,29,62,13.6,3.5,5.0,3.6,1.8%,9.3%,20.1%,54.5%,24.1%
,Desmond Bane,MEM,23,6-5,215,TCU,USA,2020,1,30,65,17.8,4.5,2.6,4.2,1.8%,12.1%,22.4%,57.8%,12.7%
,Devin Booker,PHX,25,6-5,206,Kentucky,USA,2015,1,13,57,25.6,5.1,4.9,9.0,2.2%,11.8%,31.2%,56.0%,21.5%
,Devin Vassell,SAS,21,6-5,200,Florida State,USA,2020,1,11,59,11.8,4.4,1.8,1.1,2.0%,13.5%,18.4%,53.3%,9.1%
,Devon Dotson,CHI,22,6-1,185,Kansas,USA,Undrafted,Undrafted,Undrafted,11,2.6,0.8,1.4,-2.4,1.1%,10.5%,15.6%,53.8%,28.3%
,Devontae Cacok,SAS,25,6-7,240,North Carolina-Wilmington,USA,Undrafted,Undrafted,Undrafted,11,3.6,3.3,0.5,-1.1,6.6%,31.2%,13.4%,68.8%,8.3%
,Devonte' Graham,NOP,27,6-1,195,Kansas,USA,2018,2,34,64,12.6,2.5,4.4,0.1,1.6%,6.7%,19.5%,51.5%,21.2%
,Dewayne Dedmon,MIA,32,7-0,245,Southern California,USA,Undrafted,Undrafted,Undrafted,59,6.3,5.9,0.7,5.0,10.5%,25.4%,16.1%,63.2%,7.1%
,Didi Louzada,POR,22,6-5,188,None,Brazil,2019,2,35,2,0.0,1.0,0.5,-20.5,18.2%,0.0%,18.8%,0.0%,20.0%
,Dillon Brooks,MEM,26,6-7,225,Oregon,Canada,2017,2,45,22,18.3,3.2,2.8,9.5,2.9%,8.3%,28.4%,52.0%,15.2%
,Domantas Sabonis,SAC,25,6-11,240,Gonzaga,Lithuania,2016,1,11,58,18.6,12.2,5.2,-0.5,9.4%,26.5%,21.8%,63.8%,23.8%
,Donovan Mitchell,UTA,25,6-1,215,Louisville,USA,2017,1,13,55,25.5,4.1,5.4,8.8,2.6%,9.1%,31.9%,57.4%,26.4%
,Donte DiVincenzo,SAC,25,6-4,203,Villanova,USA,2018,1,17,29,7.5,3.7,2.3,-6.4,4.2%,12.4%,18.2%,48.0%,15.1%
,Dorian Finney-Smith,DAL,28,6-7,220,Florida,USA,Undrafted,Undrafted,Undrafted,66,10.7,4.9,1.9,3.9,4.9%,10.0%,13.8%,58.9%,8.2%
,Doug McDermott,SAS,30,6-7,225,Creighton,USA,2014,1,11,51,11.3,2.3,1.3,-1.8,1.4%,7.6%,17.8%,59.3%,6.8%
,Draymond Green,GSW,32,6-6,230,Michigan State,USA,2012,2,35,34,7.9,7.6,7.4,9.8,3.8%,20.0%,14.2%,58.1%,32.8%
,Drew Eubanks,POR,25,6-9,245,Oregon State,USA,Undrafted,Undrafted,Undrafted,56,5.3,4.5,1.0,-9.8,9.8%,20.0%,16.3%,59.3%,11.1%
,Duane Washington Jr.,IND,21,6-3,197,Ohio State,Germany,Undrafted,Undrafted,Undrafted,37,9.4,1.7,1.8,-6.0,0.4%,7.9%,21.2%,51.2%,13.1%
,Duncan Robinson,MIA,27,6-7,215,Michigan,USA,Undrafted,Undrafted,Undrafted,66,11.2,2.8,1.7,2.0,1.2%,9.2%,17.5%,56.9%,9.5%
,Dwight Howard,LAL,36,6-10,265,None,USA,2004,1,1,48,5.2,5.6,0.6,-2.7,12.9%,23.9%,13.8%,64.8%,5.3%
,Dwight Powell,DAL,30,6-10,240,Stanford,Canada,2014,2,45,68,7.9,4.6,1.1,1.6,10.0%,12.7%,13.2%,70.8%,8.0%
,Dylan Windler,CLE,25,6-6,196,Belmont,USA,2019,1,26,38,2.5,1.7,0.7,-1.0,4.5%,14.1%,11.9%,57.3%,11.3%
,Ed Davis,CLE,32,6-9,218,North Carolina,USA,2010,1,13,24,1.2,2.5,0.2,-0.1,6.7%,24.7%,7.0%,63.2%,4.5%
,Elfrid Payton,PHX,28,6-3,195,Louisana-Lafayette,USA,2014,1,10,42,3.3,1.8,2.0,0.3,3.9%,11.3%,17.4%,41.9%,25.3%
,Elijah Hughes,POR,24,6-5,215,Syracuse,USA,2020,2,39,23,2.8,1.7,0.5,-25.8,2.0%,13.1%,15.9%,39.9%,7.9%
,Emanuel Terry,PHX,25,6-9,220,Lincoln Memorial,USA,Undrafted,Undrafted,Undrafted,3,0.0,5.0,0.7,-50.3,28.6%,38.9%,18.9%,0.0%,22.2%
,Emmanuel Mudiay,SAC,26,6-3,200,None,Democratic Re...,2015,1,7,2,1.5,0.0,2.0,-23.7,0.0%,0.0%,19.2%,39.9%,57.1%
,Enes Freedom,BOS,29,6-10,250,None,Turkey,2011,1,3,35,3.7,4.6,0.2,7.8,14.3%,21.9%,12.9%,58.5%,2.7%
,Eric Bledsoe,POR,32,6-1,214,Kentucky,USA,2010,1,18,54,9.9,3.4,4.2,-1.2,2.0%,10.5%,19.8%,51.4%,25.1%
,Eric Gordon,HOU,33,6-3,215,Indiana,USA,2008,1,7,54,13.8,2.0,2.8,-6.3,0.9%,5.6%,18.5%,61.2%,14.0%
,Eric Paschall,UTA,25,6-6,255,Villanova,USA,2019,2,41,48,5.6,1.9,0.6,0.8,4.2%,10.1%,16.5%,62.9%,7.3%
,Eugene Omoruyi,DAL,25,6-6,235,Oregon,Nigeria,Undrafted,Undrafted,Undrafted,4,1.8,1.8,0.5,11.9,11.1%,27.8%,15.6%,51.8%,16.7%
,Evan Fournier,NYK,29,6-6,205,None,France,2012,1,20,66,14.4,2.8,1.8,-3.7,1.5%,7.4%,20.2%,56.0%,9.8%
,Evan Mobley,CLE,20,6-11,215,Southern California,USA,2021,1,3,59,14.9,8.3,2.6,2.0,5.9%,17.2%,19.8%,54.6%,11.8%
,Facundo Campazzo,DEN,30,5-10,195,None,Argentina,Undrafted,Undrafted,Undrafted,61,5.4,1.9,3.5,-8.7,1.9%,8.1%,14.3%,50.7%,27.5%
,Frank Jackson,DET,23,6-3,205,Duke,USA,2017,2,31,44,10.7,1.6,1.0,-9.9,1.3%,5.6%,20.3%,53.5%,7.2%
,Frank Kaminsky,PHX,28,7-0,240,Wisconsin,USA,2015,1,9,9,10.6,4.6,1.4,9.6,6.0%,14.4%,18.5%,63.5%,10.5%
,Frank Ntilikina,DAL,23,6-4,200,None,France,2017,1,8,48,4.2,1.3,1.1,3.9,1.2%,9.0%,16.3%,49.6%,13.6%
,Franz Wagner,ORL,20,6-10,220,Michigan,Germany,2021,1,8,69,15.2,4.7,3.0,-5.6,3.2%,10.8%,20.6%,55.5%,14.8%
,Fred VanVleet,TOR,28,6-1,197,Wichita State,USA,Undrafted,Undrafted,Undrafted,54,21.3,4.6,6.8,2.5,1.7%,10.3%,23.6%,56.8%,27.6%
,Freddie Gillespie,ORL,24,6-9,245,Baylor,USA,Undrafted,Undrafted,Undrafted,9,2.3,4.0,0.6,-13.6,9.9%,18.3%,10.9%,41.9%,6.1%
,Furkan Korkmaz,PHI,24,6-7,202,None,Turkey,2016,1,26,57,8.2,2.9,2.1,-0.4,1.4%,10.7%,17.1%,50.4%,13.4%
,Gabe Vincent,MIA,25,6-3,200,California-Santa Barbara,USA,Undrafted,Undrafted,Undrafted,60,9.2,1.9,3.2,2.9,1.5%,6.3%,17.7%,55.7%,20.4%
,Gabriel Deck,OKC,27,6-6,231,None,Argentina,Undrafted,Undrafted,Undrafted,7,2.6,0.9,0.7,-13.6,1.7%,7.7%,11.9%,64.3%,14.7%
,Garrett Temple,NOP,35,6-5,195,Louisiana State,USA,Undrafted,Undrafted,Undrafted,56,5.4,2.5,1.3,-14.4,2.5%,10.6%,13.5%,50.0%,10.5%
,Garrison Mathews,HOU,25,6-5,215,Lipscomb,USA,Undrafted,Undrafted,Undrafted,51,10.9,3.1,1.0,-5.6,1.8%,9.6%,14.1%,61.4%,5.1%
,Gary Clark,NOP,27,6-6,225,Cincinnati,USA,Undrafted,Undrafted,Undrafted,32,2.5,2.5,0.4,-0.9,4.8%,18.6%,10.5%,52.9%,5.8%
,Gary Harris,ORL,27,6-4,210,Michigan State,USA,2014,1,19,59,11.3,2.0,1.8,-6.1,1.9%,4.7%,15.9%,57.7%,9.5%
,Gary Payton II,GSW,29,6-3,195,Oregon State,USA,Undrafted,Undrafted,Undrafted,60,7.1,3.4,0.8,9.3,5.6%,13.5%,14.3%,67.8%,7.2%
,Gary Trent Jr.,TOR,23,6-5,209,Duke,USA,2018,2,37,58,18.1,2.7,2.0,2.8,0.9%,7.2%,21.5%,54.2%,8.7%
,George Hill,MIL,35,6-4,188,Indiana-Purdue Indianapolis,USA,2008,1,26,41,7.0,3.2,2.5,14.2,3.2%,8.4%,11.7%,56.4%,12.7%
,George King,DAL,28,6-6,220,Colorado Boulder,USA,2018,2,59,4,0.3,1.3,0.0,-62.2,0.0%,25.0%,15.9%,8.5%,0.0%
,Georges Niang,PHI,28,6-7,230,Iowa State,USA,2016,2,50,62,9.5,2.7,1.4,4.0,1.4%,9.6%,16.4%,59.3%,9.2%
,Georgios Kalaitzakis,MIL,23,6-7,192,None,Greece,2021,2,60,9,1.8,0.9,0.0,-45.2,8.5%,7.7%,17.1%,53.5%,0.0%
,Giannis Antetokounmpo,MIL,27,6-11,242,None,Greece,2013,1,15,57,29.7,11.5,5.9,8.2,5.9%,26.4%,34.0%,63.2%,31.5%
,Goga Bitadze,IND,22,7-0,250,None,Georgia,2019,1,18,42,5.5,3.2,0.9,-0.2,11.0%,14.0%,19.1%,55.4%,10.1%
,Goran Dragic,BKN,35,6-3,190,None,Slovenia,2008,2,45,13,7.2,2.8,3.5,-4.3,2.8%,10.9%,16.8%,46.9%,23.4%
,Gordon Hayward,CHA,31,6-7,225,Butler,USA,2010,1,9,48,16.1,4.6,3.6,-0.2,2.2%,11.4%,20.2%,57.1%,15.8%
,Gorgui Dieng,ATL,32,6-10,248,Louisville,Senegal,2013,1,21,40,3.6,2.9,0.8,-8.3,8.7%,23.6%,16.0%,62.4%,15.6%
,Grant Williams,BOS,23,6-6,236,Tennessee,USA,2019,1,22,64,7.6,3.4,1.0,2.5,3.4%,10.2%,12.0%,65.0%,6.3%
,Grayson Allen,MIL,26,6-4,198,Duke,USA,2018,1,21,56,11.3,3.4,1.6,5.3,1.7%,9.6%,15.3%,58.7%,7.8%
,Greg Brown III,POR,20,6-7,206,Texas-Austin,USA,2021,2,43,34,3.7,2.2,0.4,-14.4,5.6%,14.6%,17.6%,47.8%,6.6%
,Greg Monroe,MIL,31,6-10,250,Georgetown,USA,2010,1,7,10,5.5,5.2,1.4,-0.1,13.2%,18.7%,15.6%,54.8%,14.0%
,Hamidou Diallo,DET,23,6-5,202,Kentucky,USA,2018,2,45,58,11.0,4.8,1.3,-7.6,4.9%,16.2%,21.3%,54.1%,9.8%
,Harrison Barnes,SAC,29,6-8,225,North Carolina,USA,2012,1,7,64,17.3,5.9,2.5,-6.4,3.2%,14.0%,18.7%,63.6%,10.4%
,Hassan Whiteside,UTA,32,7-0,265,Marshall,USA,2010,2,33,55,8.5,7.9,0.4,11.4,14.0%,28.1%,16.6%,66.1%,2.7%
,Hassani Gravett,ORL,25,6-2,187,South Carolina,USA,2019,,,8,6.3,2.6,2.5,-1.8,0.6%,11.4%,13.0%,62.9%,17.7%
,Haywood Highsmith,MIA,25,6-4,220,Wheeling Jesuit,USA,2018,,,13,2.1,1.3,0.1,-16.6,6.3%,9.7%,11.8%,48.6%,1.4%
,Herbert Jones,NOP,23,6-7,206,Alabama,USA,2021,2,35,65,9.5,3.9,2.2,1.5,4.3%,8.5%,13.6%,57.5%,10.1%
,Ignas Brazdeikis,ORL,23,6-6,221,Michigan,Canada,2019,2,47,31,3.2,1.3,0.7,-4.9,3.9%,9.5%,16.1%,50.3%,12.0%
,Immanuel Quickley,NYK,22,6-3,190,Kentucky,USA,2020,1,25,64,10.0,2.8,3.0,5.6,1.9%,9.9%,21.0%,52.7%,21.8%
,Isaac Bonga,TOR,22,6-8,180,None,Germany,2018,2,39,15,0.8,0.5,0.3,-22.6,4.3%,3.8%,10.8%,36.3%,8.9%
,Isaac Okoro,CLE,21,6-5,225,Auburn,USA,2020,1,5,52,8.9,3.1,1.8,3.4,4.0%,6.7%,13.2%,57.0%,8.4%
,Isaiah Hartenstein,LAC,23,7-0,250,None,Germany,2017,2,43,56,7.7,4.5,2.0,5.6,9.4%,15.3%,17.6%,65.1%,17.7%
,Isaiah Jackson,IND,20,6-10,205,Kentucky,USA,2021,1,22,29,7.7,4.1,0.3,-1.7,12.5%,16.6%,22.3%,61.0%,3.2%
,Isaiah Joe,PHI,22,6-4,165,Arkansas,USA,2020,2,49,47,3.7,1.1,0.7,0.2,1.1%,7.6%,14.0%,52.0%,8.2%
,Isaiah Livers,DET,23,6-6,232,Michigan,USA,2021,2,42,9,3.7,1.9,0.7,-6.4,7.8%,5.8%,13.3%,51.6%,7.2%
,Isaiah Roby,OKC,24,6-8,230,Nebraska-Lincoln,USA,2019,2,45,30,8.7,4.2,1.1,-9.4,7.1%,13.8%,18.2%,60.1%,9.9%
,Isaiah Stewart,DET,20,6-8,250,Washington,USA,2020,1,16,57,8.2,8.5,1.1,-10.3,11.1%,20.4%,14.4%,54.2%,6.5%
,Isaiah Thomas,CHA,33,5-9,185,Washington,USA,2011,2,60,8,9.0,1.8,1.9,-4.4,1.2%,7.1%,21.8%,47.3%,14.0%
,Isaiah Todd,WAS,20,6-9,219,None,USA,2021,2,31,10,1.6,1.0,0.3,-0.1,4.1%,20.5%,23.1%,40.7%,14.3%
,Ish Smith,WAS,33,6-0,175,Wake Forest,USA,Undrafted,Undrafted,Undrafted,49,5.6,2.0,3.3,-5.9,2.5%,9.7%,18.8%,47.5%,30.9%
,Ish Wainright,PHX,27,6-5,250,Baylor,USA,Undrafted,Undrafted,Undrafted,36,1.7,1.1,0.3,4.0,6.3%,7.1%,12.1%,43.0%,5.3%
,Ivica Zubac,LAC,24,7-0,240,None,Croatia,2016,2,32,64,10.2,8.4,1.5,-4.0,11.2%,22.4%,16.4%,66.7%,8.9%
,JT Thor,CHA,19,6-9,203,Auburn,USA,2021,2,37,26,2.4,1.5,0.7,4.9,4.6%,10.5%,11.5%,54.2%,9.9%
,Ja Morant,MEM,22,6-3,174,Murray State,USA,2019,1,2,55,27.5,5.8,6.7,4.0,3.6%,12.7%,32.8%,57.6%,33.0%
,JaMychal Green,DEN,31,6-8,227,Alabama,USA,Undrafted,Undrafted,Undrafted,55,6.7,4.2,0.8,-3.7,6.9%,19.2%,18.1%,58.4%,8.5%
,JaQuori McLaughlin,DAL,24,6-4,190,Cal-Santa Barbara,USA,Undrafted,Undrafted,Undrafted,4,0.0,0.0,0.5,-34.6,0.0%,0.0%,6.5%,0.0%,20.0%
,JaVale McGee,PHX,34,7-0,270,Nevada-Reno,USA,2008,1,18,62,9.3,6.7,0.6,7.5,13.7%,26.9%,21.9%,65.3%,6.1%
,Jabari Parker,BOS,26,6-7,245,Duke,USA,2014,1,2,12,4.4,2.3,0.5,-0.8,4.2%,18.0%,19.1%,63.2%,9.4%
,Jaden McDaniels,MIN,21,6-9,185,Washington,USA,2020,1,28,66,9.4,4.3,1.2,1.0,4.0%,11.4%,15.1%,54.9%,6.4%
,Jaden Springer,PHI,19,6-4,202,Tennessee,USA,2021,1,28,2,1.0,1.0,0.0,-72.4,14.3%,12.5%,11.8%,100%,0.0%
,Jae Crowder,PHX,31,6-6,235,Marquette,USA,2012,2,34,58,9.7,5.3,1.7,10.6,1.7%,16.0%,14.8%,54.5%,7.6%
,Jae'Sean Tate,HOU,26,6-4,230,Ohio State,USA,Undrafted,Undrafted,Undrafted,64,12.3,5.5,3.0,-9.9,6.0%,13.9%,19.7%,57.6%,18.2%
,Jahmi'us Ramsey,SAC,20,6-3,190,Texas Tech,USA,2020,2,43,19,3.2,0.7,0.4,-6.0,2.7%,6.8%,20.8%,46.8%,7.5%
,Jaime Echenique,WAS,24,6-10,258,Wichita State,Colombia,Undrafted,Undrafted,Undrafted,1,0.0,0.0,0.0,-30.0,0.0%,0.0%,0.0%,0.0%,0.0%
,Jake Layman,MIN,28,6-8,209,Maryland,USA,2016,2,47,27,2.1,1.1,0.3,-8.0,2.9%,11.9%,15.0%,44.3%,6.0%
,Jakob Poeltl,SAS,26,7-1,245,Utah,Austria,2016,1,9,56,13.5,9.2,2.9,3.8,12.5%,17.5%,18.2%,61.1%,13.4%
,Jalen Brunson,DAL,25,6-1,190,Villanova,USA,2018,2,33,65,16.0,3.7,5.2,3.9,1.6%,10.0%,21.4%,57.7%,25.8%
,Jalen Green,HOU,20,6-4,186,None,USA,2021,1,2,53,15.6,3.2,2.6,-15.3,1.6%,8.5%,22.7%,53.0%,13.6%
,Jalen Johnson,ATL,20,6-8,219,Duke,USA,2021,1,20,16,1.8,1.1,0.1,-15.5,0.0%,20.5%,17.5%,58.8%,3.1%
,Jalen McDaniels,CHA,24,6-9,205,San Diego State,USA,2019,2,52,41,6.4,3.4,1.1,1.4,4.0%,14.4%,15.1%,58.7%,8.7%
,Jalen Smith,IND,21,6-10,215,Maryland,USA,2020,1,10,42,8.1,5.8,0.5,5.5,10.3%,21.4%,18.2%,59.6%,4.0%
,Jalen Suggs,ORL,20,6-5,205,Gonzaga,USA,2021,1,5,46,12.1,3.7,4.4,-7.1,1.9%,10.2%,24.6%,45.6%,25.0%
,James Bouknight,CHA,21,6-4,190,Connecticut,USA,2021,1,11,28,5.0,1.7,0.8,-5.8,6.3%,8.4%,22.5%,46.8%,12.0%
,James Ennis III,DEN,31,6-6,215,Cal State-Long Beach,USA,2013,2,50,7,4.1,1.7,0.4,0.9,8.6%,12.1%,20.6%,55.3%,8.1%
,James Harden,PHI,32,6-5,220,Arizona State,USA,2009,1,3,51,22.5,7.9,10.2,2.0,2.5%,17.9%,27.4%,58.2%,40.6%
,James Johnson,BKN,35,6-7,240,Wake Forest,USA,2009,1,16,52,6.1,3.5,2.1,-0.9,4.3%,12.3%,14.5%,52.1%,15.4%
,Jamorko Pickett,DET,24,6-9,206,Georgetown,USA,Undrafted,Undrafted,Undrafted,7,1.6,1.7,0.1,-24.3,4.8%,18.4%,11.9%,39.3%,2.9%
,Jared Butler,UTA,21,6-3,193,Baylor,USA,2021,2,40,31,3.4,0.8,1.3,-8.5,1.7%,8.1%,22.9%,48.9%,25.8%
,Jared Harper,NOP,24,5-10,175,Auburn,USA,Undrafted,Undrafted,Undrafted,2,3.5,0.5,1.5,0.0,10.0%,0.0%,36.4%,50.0%,60.0%
,Jaren Jackson Jr.,MEM,22,6-11,242,Michigan State,USA,2018,1,4,68,16.4,5.9,1.0,6.8,5.0%,14.4%,24.7%,53.4%,5.4%
,Jarred Vanderbilt,MIN,22,6-9,214,Kentucky,USA,2018,2,41,62,6.9,8.7,1.4,5.5,10.7%,21.7%,10.5%,61.0%,7.0%
,Jarrett Allen,CLE,23,6-10,243,Texas-Austin,USA,2017,1,22,56,16.1,10.8,1.6,3.3,10.9%,21.3%,17.7%,69.8%,7.9%
,Jarrett Culver,MEM,23,6-6,195,Texas Tech,USA,2019,1,6,29,3.5,1.3,1.0,2.3,3.3%,10.5%,19.1%,45.9%,14.7%
,Jarron Cumberland,POR,24,6-5,205,Cincinnati,USA,Undrafted,Undrafted,Undrafted,3,0.7,1.0,0.3,40.2,5.9%,18.2%,6.1%,50.0%,10.0%
,Javin DeLaurier,MIL,23,6-10,234,Duke,USA,Undrafted,Undrafted,Undrafted,1,0.0,1.0,0.0,57.1,0.0%,25.0%,0.0%,0.0%,0.0%
,Javonte Green,CHI,28,6-5,205,Radford,USA,Undrafted,Undrafted,Undrafted,50,7.6,4.2,1.0,2.9,6.6%,10.9%,11.6%,63.9%,5.2%
,Javonte Smart,MIA,22,6-4,205,Louisiana State,USA,Undrafted,Undrafted,Undrafted,14,2.2,1.4,1.0,-9.3,2.2%,9.4%,14.1%,34.0%,12.6%
,Jaxson Hayes,NOP,21,6-11,220,Texas-Austin,USA,2019,1,8,56,8.8,4.2,0.6,-1.8,7.9%,15.2%,16.2%,70.0%,5.0%
,Jay Huff,LAL,24,7-1,240,Virginia,USA,Undrafted,Undrafted,Undrafted,4,0.0,1.0,0.3,36.5,4.0%,11.1%,8.3%,0.0%,7.1%
,Jay Scrubb,LAC,21,6-5,220,John A. Logan,USA,2020,2,55,18,2.7,0.9,0.4,6.9,1.6%,10.0%,18.8%,48.6%,9.5%
,Jaylen Brown,BOS,25,6-6,223,California,USA,2016,1,3,54,22.9,6.1,3.4,8.2,2.4%,14.4%,29.6%,56.0%,17.0%
,Jaylen Hoard,OKC,22,6-8,216,Wake Forest,France,Undrafted,Undrafted,Undrafted,1,0.0,2.0,0.0,-100.0,25.0%,20.0%,20.0%,0.0%,0.0%
,Jaylen Morris,SAS,26,6-5,185,Molloy,USA,Undrafted,Undrafted,Undrafted,3,0.7,0.7,0.7,22.9,0.0%,11.8%,23.1%,12.9%,14.3%
,Jaylen Nowell,MIN,22,6-4,201,Washington,USA,2019,2,43,50,8.1,1.9,2.2,2.5,2.1%,10.0%,20.0%,58.1%,21.3%
,Jaysean Paige,DET,27,6-2,200,West Virginia,USA,Undrafted,Undrafted,Undrafted,1,0.0,1.0,1.0,-69.6,0.0%,9.1%,21.1%,0.0%,33.3%
,Jayson Tatum,BOS,24,6-8,210,Duke,USA,2017,1,3,65,26.8,8.2,4.2,10.0,3.4%,18.0%,31.5%,56.2%,19.9%
,Jeff Dowtin,MIL,24,6-3,177,Rhode Island,USA,Undrafted,Undrafted,Undrafted,5,1.2,1.4,0.6,17.1,3.4%,16.7%,10.8%,42.9%,13.6%
,Jeff Green,DEN,35,6-8,235,Georgetown,USA,2007,1,5,63,10.5,3.1,1.3,1.4,2.5%,10.1%,16.5%,61.6%,7.2%
,Jemerrio Jones,LAL,26,6-5,175,New Mexico State,USA,2018,,,2,2.0,1.5,0.0,-38.0,11.8%,5.6%,8.3%,66.7%,0.0%
,Jerami Grant,DET,28,6-8,210,Syracuse,USA,2014,2,39,43,19.0,4.1,2.4,-8.9,1.7%,10.7%,24.9%,54.7%,13.2%
,Jeremiah Robinson-Earl,OKC,21,6-8,242,Villanova,USA,2021,2,32,44,7.1,5.8,1.0,-10.4,6.2%,17.0%,14.6%,50.6%,6.6%
,Jeremy Lamb,SAC,29,6-5,180,Connecticut,USA,2012,1,12,46,7.3,2.6,1.4,2.1,2.2%,13.3%,19.0%,51.8%,11.8%
,Jericho Sims,NYK,23,6-9,250,Texas-Austin,USA,2021,2,58,27,1.4,2.9,0.3,-1.8,10.4%,19.3%,6.1%,67.8%,4.8%
,Jevon Carter,MIL,26,6-1,200,West Virginia,USA,2018,2,32,54,3.9,1.5,1.1,-0.5,1.6%,8.8%,14.3%,49.5%,12.4%
,Jimmy Butler,MIA,32,6-7,230,Marquette,USA,2011,1,30,47,21.4,6.1,5.6,7.0,5.6%,12.8%,26.3%,58.2%,27.3%
,Jock Landale,SAS,26,6-11,255,None,Australia,Undrafted,Undrafted,Undrafted,42,5.2,2.3,0.9,-0.3,9.1%,10.2%,17.7%,61.6%,12.7%
,Joe Harris,BKN,30,6-6,220,Virginia,USA,2014,2,33,14,11.3,4.0,1.0,1.1,1.2%,10.9%,14.6%,62.4%,4.7%
,Joe Ingles,POR,34,6-8,220,None,Australia,Undrafted,Undrafted,Undrafted,45,7.2,2.9,3.5,8.2,1.0%,9.9%,12.9%,55.1%,19.5%
,Joe Johnson,BOS,40,6-7,240,Arkansas,USA,2001,1,10,1,2.0,0.0,0.0,-100.0,0.0%,0.0%,20.0%,100%,0.0%
,Joe Wieskamp,SAS,22,6-6,205,Iowa,USA,2021,2,41,19,1.9,0.4,0.3,0.5,2.4%,4.5%,13.0%,55.9%,7.7%
,Joel Ayayi,WAS,22,6-4,180,Gonzaga,France,Undrafted,Undrafted,Undrafted,7,0.3,0.4,0.6,12.2,3.7%,10.5%,13.3%,16.7%,36.4%
,Joel Embiid,PHI,27,7-0,280,Kansas,Cameroon,2014,1,3,54,29.8,11.3,4.4,7.2,6.5%,26.8%,37.6%,60.8%,25.0%
,John Collins,ATL,24,6-9,226,Wake Forest,USA,2017,1,19,54,16.2,7.8,1.8,0.8,5.6%,19.0%,20.2%,61.0%,8.8%
,John Konchar,MEM,25,6-5,210,Indiana-Purdue Fort Wayne,USA,Undrafted,Undrafted,Undrafted,59,4.5,4.5,1.4,2.0,5.4%,17.8%,9.3%,59.8%,9.8%
,Jon Teske,MEM,24,7-1,265,Michigan,USA,Undrafted,Undrafted,Undrafted,3,0.0,0.7,0.3,-7.1,0.0%,28.6%,10.0%,0.0%,16.7%
,Jonas Valanciunas,NOP,29,6-11,265,None,Lithuania,2011,1,5,62,17.9,11.4,2.5,0.1,9.8%,27.3%,24.0%,61.1%,13.1%
,Jonathan Kuminga,GSW,19,6-7,225,None,DRC,2021,1,7,56,9.1,3.2,0.8,1.2,4.6%,14.0%,22.8%,60.3%,8.0%
,Jordan Bell,CHI,27,6-7,216,Oregon,USA,2017,2,38,1,0.0,1.0,0.0,25.0,50.0%,0.0%,0.0%,0.0%,0.0%
,Jordan Clarkson,UTA,29,6-4,194,Missouri,USA,2014,2,46,64,15.9,3.3,2.3,8.8,2.8%,9.0%,26.2%,53.4%,13.9%
,Jordan Goodwin,WAS,23,6-3,200,St. Louis,USA,Undrafted,Undrafted,Undrafted,2,0.0,0.5,0.0,-110.0,0.0%,20.0%,25.0%,0.0%,0.0%
,Jordan McLaughlin,MIN,25,5-11,185,Southern California,USA,Undrafted,Undrafted,Undrafted,50,3.2,1.5,2.9,2.6,2.0%,8.0%,11.8%,46.4%,27.5%
,Jordan Nwora,MIL,23,6-8,225,Louisville,USA,2020,2,45,54,7.7,3.6,1.0,-1.5,3.0%,14.6%,18.3%,50.8%,7.4%
,Jordan Poole,GSW,22,6-4,194,Michigan,USA,2019,1,28,62,16.9,3.2,3.6,7.9,1.6%,8.9%,23.9%,59.9%,19.3%
,Jordan Schakel,WAS,23,6-6,200,San Diego State,USA,Undrafted,Undrafted,Undrafted,2,0.0,1.5,0.0,21.9,12.5%,8.3%,18.2%,0.0%,0.0%
,Jose Alvarado,NOP,23,6-0,179,Georgia Tech,USA,Undrafted,Undrafted,Undrafted,40,5.3,1.6,2.4,12.5,2.5%,8.7%,17.2%,50.6%,24.4%
,Josh Christopher,HOU,20,6-3,215,Arizona State,USA,2021,1,24,60,7.6,2.4,1.9,-8.8,3.8%,10.5%,20.5%,53.6%,16.4%
,Josh Giddey,OKC,19,6-8,205,None,Australia,2021,1,6,54,12.5,7.8,6.4,-8.3,5.2%,17.5%,21.8%,47.8%,32.5%
,Josh Green,DAL,21,6-5,200,Arizona,Australia,2020,1,18,53,4.6,2.4,1.2,5.5,5.6%,10.1%,13.0%,57.4%,11.9%
,Josh Hart,POR,27,6-5,215,Villanova,USA,2017,1,30,50,14.2,7.4,4.1,-4.4,3.5%,18.7%,17.9%,60.3%,18.9%
,Josh Jackson,SAC,25,6-8,207,Kansas,USA,2017,1,4,43,6.5,2.9,1.2,-9.4,2.3%,15.4%,19.2%,49.4%,11.1%
,Josh Okogie,MIN,23,6-4,213,Georgia Tech,Nigeria,2018,1,20,39,2.6,1.7,0.5,1.8,4.9%,8.6%,11.1%,49.0%,5.8%
,Josh Richardson,SAS,28,6-5,200,Tennessee,USA,2015,2,40,52,9.4,2.8,1.6,3.1,2.7%,8.6%,16.3%,55.9%,10.1%
,Joshua Primo,SAS,19,6-4,189,Alabama,Canada,2021,1,12,36,4.9,2.2,1.5,-4.4,4.0%,8.3%,15.2%,48.1%,11.6%
,Jrue Holiday,MIL,31,6-3,205,UCLA,USA,2009,1,17,55,18.2,4.6,6.7,8.0,3.3%,9.9%,22.9%,59.4%,29.1%
,Juan Toscano-Anderson,GSW,28,6-6,209,Marquette,USA,Undrafted,Undrafted,Undrafted,65,4.3,2.6,1.8,2.7,3.2%,14.5%,14.7%,55.2%,18.5%
,Juancho Hernangomez,UTA,26,6-9,214,None,Spain,2016,1,15,27,1.3,1.6,0.3,-12.4,7.1%,15.8%,13.3%,40.5%,6.9%
,Julius Randle,NYK,27,6-8,250,Kentucky,USA,2014,1,7,66,20.5,9.9,5.2,-4.3,4.5%,22.2%,27.8%,51.9%,25.1%
,Justin Anderson,IND,28,6-5,231,Virginia,USA,2015,1,21,6,3.5,1.7,1.5,27.8,2.6%,9.3%,13.4%,47.6%,13.0%
,Justin Champagnie,TOR,20,6-6,206,Pittsburgh,USA,Undrafted,Undrafted,Undrafted,35,2.2,2.0,0.3,8.9,11.3%,12.3%,11.0%,56.6%,5.2%
,Justin Holiday,SAC,32,6-6,180,Washington,USA,Undrafted,Undrafted,Undrafted,62,10.5,2.7,1.8,-2.9,1.3%,8.1%,15.6%,54.4%,8.5%
,Justin Jackson,PHX,26,6-8,220,North Carolina,USA,2017,1,15,7,2.1,1.0,0.3,-15.6,1.9%,16.7%,17.7%,47.2%,12.5%
,Justin Robinson,DET,24,6-1,195,Virginia Tech,USA,2019,,,25,3.1,0.8,1.3,-17.5,1.1%,5.1%,15.3%,40.4%,17.5%
,Justise Winslow,POR,25,6-6,222,Duke,USA,2015,1,10,44,5.5,4.1,1.7,2.7,5.6%,17.8%,17.2%,50.4%,15.6%
,Jusuf Nurkic,POR,27,6-11,290,None,Bosnia and He...,2014,1,16,56,15.0,11.1,2.8,-0.1,10.1%,28.3%,23.3%,58.6%,16.0%
,Juwan Morgan,TOR,24,6-7,232,Indiana,USA,Undrafted,Undrafted,Undrafted,1,5.0,4.0,1.0,-43.1,6.5%,7.1%,4.5%,83.3%,5.9%
,KZ Okpala,MIA,22,6-8,215,Stanford,USA,2019,2,32,21,3.7,2.0,0.7,2.7,4.4%,11.8%,14.1%,52.1%,8.2%
,Kai Jones,CHA,21,6-10,221,Texas-Austin,Bahamas,2021,1,19,19,1.1,0.5,0.2,-6.5,5.1%,11.1%,15.9%,60.5%,10.8%
,Karl-Anthony Towns,MIN,26,6-11,248,Kentucky,USA,2015,1,1,62,24.3,9.8,3.8,5.3,7.4%,20.4%,26.9%,63.6%,18.4%
,Keifer Sykes,IND,28,5-11,167,Wisconsin-Green Bay,USA,Undrafted,Undrafted,Undrafted,25,5.6,1.6,2.0,-4.6,1.5%,7.9%,17.5%,44.3%,17.0%
,Keita Bates-Diop,SAS,26,6-8,229,Ohio State,USA,2018,2,48,51,5.3,3.9,0.7,0.4,5.6%,16.8%,13.7%,57.1%,5.5%
,Kelan Martin,BOS,26,6-5,230,Butler,USA,Undrafted,Undrafted,Undrafted,30,5.7,1.8,0.7,-6.2,3.5%,8.6%,18.0%,48.4%,7.2%
,Keldon Johnson,SAS,22,6-6,220,Kentucky,USA,2019,1,29,62,16.0,6.1,1.8,1.4,3.2%,14.8%,20.4%,56.6%,7.7%
,Keljin Blevins,POR,26,6-4,200,Montana State,USA,2019,,,18,2.7,0.8,0.7,-32.9,3.6%,5.6%,15.1%,52.5%,12.6%
,Kelly Olynyk,DET,30,6-11,240,Gonzaga,Canada,2013,1,13,31,9.1,4.6,2.7,-9.0,6.9%,17.6%,21.4%,53.5%,21.2%
,Kelly Oubre Jr.,CHA,26,6-6,203,Kansas,USA,2015,1,15,62,16.1,4.1,1.2,-1.2,3.7%,10.0%,22.8%,55.8%,6.5%
,Kemba Walker,NYK,31,6-0,184,Connecticut,USA,2011,1,9,37,11.6,3.0,3.5,-9.1,1.4%,9.9%,20.2%,53.7%,22.0%
,Kenrich Williams,OKC,27,6-6,210,TCU,USA,Undrafted,Undrafted,Undrafted,49,7.4,4.5,2.2,1.7,6.2%,12.3%,15.3%,53.2%,15.9%
,Kent Bazemore,LAL,32,6-4,195,Old Dominion,USA,Undrafted,Undrafted,Undrafted,37,3.6,1.8,0.9,-7.8,2.3%,9.5%,12.8%,46.6%,8.6%
,Kentavious Caldwell-Pope,WAS,29,6-5,204,Georgia,USA,2013,1,8,63,12.4,3.3,1.9,-5.1,1.7%,9.3%,17.8%,55.5%,9.3%
,Kenyon Martin Jr.,HOU,21,6-5,215,None,USA,2020,2,52,65,8.8,3.9,1.4,-7.5,4.9%,13.9%,16.4%,59.3%,10.0%
,Keon Johnson,POR,20,6-4,185,Tennessee,USA,2021,1,21,22,5.0,1.8,1.3,-14.3,3.2%,9.6%,19.7%,43.5%,15.7%
,Kessler Edwards,BKN,21,6-7,203,Pepperdine,USA,2021,2,44,34,5.9,3.9,0.6,-7.8,4.0%,13.2%,13.1%,49.2%,3.8%
,Kevin Durant,BKN,33,6-10,240,Texas-Austin,USA,2007,1,2,41,29.6,7.3,5.9,5.2,1.6%,16.7%,31.3%,62.8%,26.6%
,Kevin Huerter,ATL,23,6-7,198,Maryland,USA,2018,1,19,59,11.7,3.3,2.7,4.0,1.5%,9.2%,16.7%,57.1%,12.4%
,Kevin Knox II,ATL,22,6-7,215,Kentucky,USA,2018,1,9,23,2.9,1.5,0.3,-14.2,5.5%,12.1%,17.8%,47.1%,7.7%
,Kevin Love,CLE,33,6-8,251,UCLA,USA,2008,1,5,59,13.8,7.2,2.2,3.5,4.7%,25.8%,24.3%,59.0%,15.3%
,Kevin Pangos,CLE,29,6-1,179,Gonzaga,Canada,Undrafted,Undrafted,Undrafted,24,1.6,0.5,1.3,-12.1,1.2%,5.7%,14.3%,40.8%,24.6%
,Kevin Porter Jr.,HOU,21,6-4,203,Southern California,USA,2019,1,30,47,13.8,4.1,6.0,-7.8,2.2%,10.7%,23.4%,51.3%,30.3%
,Kevon Looney,GSW,26,6-9,222,UCLA,USA,2015,1,30,68,6.4,7.6,2.0,7.1,12.3%,21.1%,12.5%,58.3%,12.3%
,Khem Birch,TOR,29,6-9,233,UNLV,Canada,Undrafted,Undrafted,Undrafted,41,4.7,4.5,1.1,1.6,11.2%,13.3%,11.1%,52.7%,7.6%
,Khris Middleton,MIL,30,6-7,222,Texas A&M,USA,2012,2,39,56,20.3,5.3,5.4,5.9,2.0%,13.2%,25.5%,58.0%,24.5%
,Killian Hayes,DET,20,6-5,195,None,France,2020,1,7,53,6.0,3.0,4.2,-11.2,2.1%,10.2%,14.6%,44.4%,24.5%
,Killian Tillie,MEM,24,6-9,220,Gonzaga,France,Undrafted,Undrafted,Undrafted,35,3.4,1.7,0.6,3.8,4.1%,8.5%,12.8%,45.6%,5.9%
,Kira Lewis Jr.,NOP,20,6-1,170,Alabama,USA,2020,1,13,24,5.9,1.6,2.0,-14.1,2.3%,8.3%,20.9%,46.6%,23.9%
,Klay Thompson,GSW,32,6-6,220,Washington State,USA,2011,1,11,22,17.7,4.0,3.0,8.2,1.7%,11.7%,27.7%,53.9%,16.8%
,Kristaps Porzingis,WAS,26,7-3,240,None,Latvia,2015,1,4,37,19.2,7.6,2.0,1.0,6.4%,19.0%,27.5%,56.5%,11.6%
,Kyle Anderson,MEM,28,6-9,230,UCLA,USA,2014,1,30,56,7.3,5.4,2.6,1.6,4.2%,19.9%,15.5%,49.2%,16.2%
,Kyle Guy,MIA,24,6-1,167,Virginia,USA,2019,2,55,18,4.1,0.8,0.9,-12.3,1.5%,6.5%,18.2%,54.2%,15.0%
,Kyle Kuzma,WAS,26,6-9,221,Utah,USA,2017,1,27,63,17.4,8.6,3.4,-5.5,3.2%,21.4%,23.8%,55.3%,15.8%
,Kyle Lowry,MIA,35,6-0,196,Villanova,USA,2006,1,24,52,12.8,4.6,7.9,5.8,1.6%,11.8%,17.8%,57.0%,33.0%
,Kyrie Irving,BKN,29,6-2,195,Duke,Australia,2011,1,1,18,25.9,4.6,5.4,2.5,1.5%,11.1%,28.3%,59.1%,23.0%
,LaMarcus Aldridge,BKN,36,6-11,250,Texas-Austin,USA,2006,1,2,45,13.5,5.6,0.9,1.0,7.1%,16.1%,22.2%,60.7%,6.2%
,LaMelo Ball,CHA,20,6-7,180,None,USA,2020,1,3,61,19.6,6.9,7.3,-0.4,4.4%,15.8%,27.2%,53.9%,33.6%
,Lamar Stevens,CLE,24,6-6,230,Penn State,USA,Undrafted,Undrafted,Undrafted,48,4.9,2.2,0.6,-1.3,4.5%,10.4%,16.2%,51.7%,6.7%
,Lance Stephenson,IND,31,6-5,210,Cincinnati,USA,2010,2,40,33,8.2,2.9,3.5,-2.1,1.8%,14.3%,21.9%,51.6%,27.9%
,Landry Shamet,PHX,25,6-4,190,Wichita State,USA,2018,1,26,55,7.7,1.9,1.6,6.4,1.1%,7.4%,15.6%,53.4%,10.9%
,Langston Galloway,MIL,30,6-1,200,St. Joseph's (PA),USA,Undrafted,Undrafted,Undrafted,7,2.0,2.6,1.7,-6.6,2.3%,10.6%,11.8%,26.9%,15.6%
,Larry Nance Jr.,NOP,29,6-7,245,Wyoming,USA,2015,1,27,37,6.9,5.6,2.0,-1.5,6.6%,17.7%,12.5%,58.1%,12.5%
,Lauri Markkanen,CLE,24,6-11,240,Arizona,Finland,2017,1,7,46,14.1,5.5,1.4,4.6,3.6%,13.6%,19.2%,55.7%,6.6%
,LeBron James,LAL,37,6-9,250,None,USA,2003,1,1,49,29.7,8.1,6.3,-1.9,2.9%,18.7%,31.4%,62.0%,30.2%
,Leandro Bolmaro,MIN,21,6-6,200,None,Argentina,2020,1,23,28,1.3,1.3,0.5,-3.7,6.5%,10.0%,11.3%,40.0%,8.9%
,Lindell Wigginton,MIL,23,6-1,189,Iowa State,Canada,2019,,,15,3.1,1.1,0.5,-6.8,1.7%,11.0%,15.8%,58.9%,10.0%
,Lindy Waters III,OKC,24,6-6,215,Oklahoma State,USA,Undrafted,Undrafted,Undrafted,12,6.1,2.0,0.6,-16.4,0.0%,12.8%,13.4%,57.0%,5.3%
,Lonnie Walker IV,SAS,23,6-4,204,Miami,USA,2018,1,18,62,12.1,2.6,2.2,-3.4,1.1%,9.2%,23.2%,50.7%,13.6%
,Lonzo Ball,CHI,24,6-6,190,UCLA,USA,2017,1,2,35,13.0,5.4,5.1,3.1,2.9%,12.5%,17.0%,57.5%,20.3%
,Lou Williams,ATL,35,6-2,175,None,USA,2005,2,45,47,6.6,1.5,2.0,0.4,1.9%,8.1%,21.4%,50.8%,20.4%
,Louis King,SAC,22,6-7,205,Oregon,USA,Undrafted,Undrafted,Undrafted,10,4.5,1.2,0.9,-11.9,0.0%,11.5%,19.5%,43.8%,12.5%
,Luguentz Dort,OKC,22,6-3,215,Arizona State,Canada,Undrafted,Undrafted,Undrafted,51,17.2,4.2,1.7,-8.1,2.0%,9.7%,22.8%,54.1%,8.7%
,Luka Doncic,DAL,23,6-7,230,None,Slovenia,2018,1,3,52,28.0,9.3,8.6,3.4,2.6%,23.2%,36.5%,56.1%,45.3%
,Luka Garza,DET,23,6-10,243,Iowa,USA,2021,2,52,30,5.2,2.9,0.5,-4.8,12.8%,11.9%,18.6%,53.7%,7.6%
,Luke Kennard,LAC,25,6-5,206,Duke,USA,2017,1,12,59,11.8,3.4,2.1,2.8,1.0%,10.4%,15.8%,62.2%,11.3%
,Luke Kornet,BOS,26,7-2,250,Vanderbilt,USA,Undrafted,Undrafted,Undrafted,7,0.6,1.0,0.3,15.1,7.3%,10.5%,10.8%,19.4%,6.7%
,MJ Walker,PHX,23,6-5,213,Florida State,USA,Undrafted,Undrafted,Undrafted,2,0.0,0.5,0.5,-19.5,0.0%,14.3%,13.8%,0.0%,16.7%
,Mac McClung,CHI,23,6-2,185,Texas Tech,USA,Undrafted,Undrafted,Undrafted,1,2.0,0.0,0.0,-14.3,0.0%,0.0%,33.3%,100%,0.0%
,Malachi Flynn,TOR,23,6-1,175,San Diego State,USA,2020,1,29,40,4.3,1.4,1.6,-1.5,1.6%,9.6%,15.5%,50.3%,18.5%
,Malcolm Brogdon,IND,29,6-5,229,Virginia,USA,2016,2,36,34,19.1,5.3,6.0,1.2,2.6%,12.5%,24.1%,55.8%,27.5%
,Malcolm Hill,CHI,26,6-6,220,Illinois,USA,Undrafted,Undrafted,Undrafted,17,4.1,1.9,0.3,-5.3,5.6%,10.8%,12.0%,63.5%,3.4%
,Malik Beasley,MIN,25,6-4,187,Florida State,USA,2016,1,19,68,12.5,2.9,1.4,1.5,1.3%,10.0%,19.6%,54.0%,8.3%
,Malik Fitts,BOS,24,6-5,230,St. Mary's College,USA,Undrafted,Undrafted,Undrafted,9,0.7,1.2,0.0,-44.4,0.0%,20.8%,14.0%,27.3%,0.0%
,Malik Monk,LAL,24,6-3,200,Kentucky,USA,2017,1,11,61,13.0,3.4,2.6,2.3,1.7%,9.8%,18.7%,59.2%,13.4%
,Malik Newman,CLE,25,6-3,190,Kansas,USA,2018,,,1,8.0,1.0,1.0,8.3,0.0%,10.0%,43.8%,68.0%,100%
,Mamadi Diakite,OKC,25,6-9,228,Virginia,Guinea,Undrafted,Undrafted,Undrafted,13,4.3,4.5,0.2,-3.2,8.4%,21.6%,13.6%,54.0%,1.8%
,Marcus Garrett,MIA,23,6-5,205,Kansas,USA,Undrafted,Undrafted,Undrafted,12,1.1,1.9,0.6,5.8,7.2%,10.8%,8.6%,28.0%,6.9%
,Marcus Morris Sr.,LAC,32,6-8,218,Kansas,USA,2011,1,14,45,16.1,4.6,2.0,-4.1,1.6%,13.3%,23.0%,55.7%,11.0%
,Marcus Smart,BOS,28,6-4,220,Oklahoma State,USA,2014,1,6,59,12.1,3.9,5.6,8.6,1.9%,9.3%,17.4%,54.0%,23.4%
,Markelle Fultz,ORL,23,6-4,209,Washington,USA,2017,1,1,6,10.0,2.8,5.5,5.2,2.6%,12.6%,24.3%,59.1%,51.6%
,Markieff Morris,MIA,32,6-9,245,Kansas,USA,2011,1,13,11,7.5,2.9,1.4,10.0,6.7%,8.3%,19.6%,52.4%,10.1%
,Marko Simonovic,CHI,22,6-11,220,None,Montenegro,2020,2,44,9,1.9,1.1,0.0,1.2,12.2%,11.9%,24.7%,42.8%,0.0%
,Markus Howard,DEN,23,5-10,175,Marquette,USA,Undrafted,Undrafted,Undrafted,27,3.4,0.3,0.2,1.2,0.0%,5.3%,24.8%,55.0%,6.9%
,Marquese Chriss,DAL,24,6-9,240,Washington,USA,2016,1,8,23,5.0,3.5,0.5,1.3,8.6%,21.1%,21.2%,52.6%,7.8%
,Marvin Bagley III,DET,23,6-11,235,Duke,USA,2018,1,2,39,10.4,7.2,0.7,-4.9,9.2%,20.8%,18.9%,53.2%,4.4%
,Mason Jones,LAL,23,6-4,200,Arkansas,USA,Undrafted,Undrafted,Undrafted,2,2.5,1.0,0.0,-18.6,7.1%,9.1%,45.5%,28.2%,0.0%
,Mason Plumlee,CHA,32,6-11,254,Duke,USA,2013,1,22,59,6.6,8.0,3.1,1.6,9.0%,20.5%,11.4%,59.6%,16.2%
,Matisse Thybulle,PHI,25,6-5,201,Washington,USA,2019,1,20,51,5.6,2.3,1.1,0.8,2.3%,6.7%,9.6%,57.3%,6.3%
,Matt Mooney,NYK,27,6-2,199,Texas Tech,USA,Undrafted,Undrafted,Undrafted,1,0.0,0.0,0.0,-100.0,0.0%,0.0%,40.0%,0.0%,0.0%
,Matt Thomas,CHI,27,6-3,190,Iowa State,USA,Undrafted,Undrafted,Undrafted,37,4.1,1.3,0.5,1.2,0.7%,9.6%,13.5%,55.9%,6.0%
,Maurice Harkless,SAC,28,6-7,220,St. John's,USA,2012,1,15,44,4.9,2.5,0.5,-3.6,1.4%,11.2%,11.3%,56.1%,3.4%
,Max Strus,MIA,25,6-5,215,DePaul,USA,Undrafted,Undrafted,Undrafted,56,10.6,3.1,1.3,4.8,1.8%,11.4%,17.7%,60.8%,8.6%
,Maxi Kleber,DAL,30,6-10,240,None,Germany,Undrafted,Undrafted,Undrafted,49,7.2,5.9,1.1,3.8,4.8%,17.7%,13.0%,55.1%,6.6%
,McKinley Wright IV,MIN,23,5-11,192,Colorado,USA,Undrafted,Undrafted,Undrafted,3,1.7,0.0,0.3,-61.9,0.0%,0.0%,16.7%,83.3%,33.3%
,Micah Potter,DET,23,6-10,248,Wisconsin,USA,Undrafted,Undrafted,Undrafted,3,4.0,3.0,0.0,-56.4,9.5%,12.5%,14.8%,50.5%,0.0%
,Michael Porter Jr.,DEN,23,6-10,218,Missouri,USA,2018,1,14,9,9.9,6.6,1.9,9.8,3.5%,17.2%,19.2%,41.6%,8.5%
,Mikal Bridges,PHX,25,6-6,209,Villanova,USA,2018,1,10,68,13.7,4.4,2.3,10.0,3.0%,8.9%,14.5%,62.2%,8.4%
,Mike Conley,UTA,34,6-1,175,Ohio State,USA,2007,1,4,59,13.2,3.1,5.2,8.3,2.2%,8.2%,20.2%,56.1%,27.5%
,Mike Muscala,OKC,30,6-10,240,Bucknell,USA,2013,2,44,43,8.0,3.0,0.5,1.8,3.2%,16.6%,19.8%,63.0%,6.0%
,Miles Bridges,CHA,23,6-7,225,Michigan State,USA,2018,1,12,66,19.9,7.1,3.7,1.9,3.0%,15.6%,22.1%,58.1%,15.0%
,Miles McBride,NYK,21,6-1,195,West Virginia,USA,2021,2,36,29,1.7,0.8,1.0,19.4,1.3%,8.0%,14.3%,31.7%,16.4%
,Mitchell Robinson,NYK,23,7-0,240,Western Kentucky,USA,2018,2,36,62,8.4,8.7,0.5,-2.6,14.3%,18.5%,11.0%,72.9%,3.0%
,Miye Oni,UTA,24,6-5,206,Yale,USA,2019,2,58,16,0.3,0.4,0.3,-33.3,2.4%,11.8%,9.5%,26.5%,17.9%
,Mo Bamba,ORL,23,7-0,231,Texas-Austin,USA,2018,1,6,58,10.4,8.0,1.1,-10.4,7.5%,20.9%,16.5%,57.5%,6.8%
,Monte Morris,DEN,26,6-2,183,Iowa State,USA,2017,2,51,62,13.0,3.0,4.3,7.1,1.2%,8.7%,17.8%,58.5%,19.6%
,Montrezl Harrell,CHA,28,6-7,240,Louisville,USA,2015,2,32,58,13.9,6.7,2.0,1.3,9.3%,17.6%,20.1%,67.4%,13.3%
,Moritz Wagner,ORL,24,6-11,245,Michigan,Germany,2018,1,25,50,8.2,2.9,1.1,-4.9,3.7%,17.5%,23.2%,63.2%,14.6%
,Moses Brown,CLE,22,7-2,245,UCLA,USA,Undrafted,Undrafted,Undrafted,27,3.1,2.3,0.0,1.6,9.1%,22.7%,21.3%,59.4%,1.0%
,Moses Moody,GSW,19,6-5,211,Arkansas,USA,2021,1,14,43,4.5,1.7,0.4,-4.9,3.3%,10.6%,15.1%,56.4%,5.5%
,Moses Wright,DAL,23,6-8,226,Georgia Tech,USA,Undrafted,Undrafted,Undrafted,1,0.0,0.0,1.0,33.3,0.0%,0.0%,0.0%,0.0%,100%
,Mychal Mulder,ORL,27,6-3,184,Kentucky,Canada,Undrafted,Undrafted,Undrafted,15,3.7,1.4,0.2,-12.8,0.9%,9.5%,16.4%,40.5%,2.4%
,Myles Powell,PHI,24,6-2,195,Seton Hall,USA,Undrafted,Undrafted,Undrafted,11,1.2,0.5,0.3,-15.1,1.9%,9.8%,16.3%,36.4%,8.8%
,Myles Turner,IND,25,6-11,250,Texas-Austin,USA,2015,1,11,42,12.9,7.1,1.0,-0.3,5.2%,18.8%,17.3%,61.5%,5.3%
,Naji Marshall,NOP,24,6-7,220,Xavier,USA,Undrafted,Undrafted,Undrafted,41,5.1,2.4,1.0,-0.4,4.9%,14.6%,20.4%,49.6%,12.3%
,Nassir Little,POR,22,6-5,220,North Carolina,USA,2019,1,25,42,9.8,5.6,1.3,-0.9,5.2%,15.8%,15.5%,57.5%,7.4%
,Nate Hinton,IND,22,6-5,210,Houston,USA,Undrafted,Undrafted,Undrafted,2,0.0,0.0,0.0,76.2,0.0%,0.0%,25.0%,0.0%,0.0%
,Nathan Knight,MIN,24,6-10,253,William & Mary,USA,Undrafted,Undrafted,Undrafted,31,3.2,2.1,0.6,4.3,10.4%,16.3%,18.9%,58.9%,13.0%
,Naz Reid,MIN,22,6-9,264,Louisiana State,USA,Undrafted,Undrafted,Undrafted,66,8.4,4.0,0.9,-1.2,7.5%,16.2%,20.8%,58.8%,8.9%
,Neemias Queta,SAC,22,7-0,248,Utah State,Portugal,2021,2,39,10,2.1,1.9,0.4,-5.0,14.9%,14.0%,19.5%,41.7%,10.8%
,Nemanja Bjelica,GSW,33,6-9,234,None,Serbia,2010,2,35,60,5.8,3.9,2.0,5.4,5.3%,18.5%,17.9%,54.7%,19.4%
,Nerlens Noel,NYK,27,6-11,220,Kentucky,USA,2013,1,6,25,3.4,5.6,0.9,-5.7,8.4%,16.1%,7.2%,58.1%,6.0%
,Nic Claxton,BKN,22,6-11,215,Georgia,USA,2019,2,31,33,8.4,5.2,0.8,-4.2,9.9%,14.5%,15.4%,64.3%,6.3%
,Nick Richards,CHA,24,7-0,245,Kentucky,Jamaica,2020,2,42,44,3.2,1.8,0.3,-12.4,8.0%,14.5%,14.5%,69.7%,5.6%
,Nickeil Alexander-Walker,UTA,23,6-5,205,Virginia Tech,Canada,2019,1,17,56,11.6,3.1,2.6,-4.5,2.6%,10.1%,24.1%,47.2%,16.9%
,Nicolas Batum,LAC,33,6-8,230,None,France,2008,1,25,49,8.5,4.4,1.6,-3.8,1.9%,15.0%,13.2%,60.0%,9.3%
,Nik Stauskas,BOS,28,6-6,207,Michigan,Canada,2014,1,8,4,3.0,0.8,0.3,17.5,3.1%,6.9%,17.1%,51.5%,5.0%
,Nikola Jokic,DEN,27,6-11,284,None,Serbia,2014,2,41,61,26.1,13.8,8.1,9.1,9.0%,31.4%,30.4%,65.4%,39.9%
,Nikola Vucevic,CHI,31,6-10,260,Southern California,Montenegro,2011,1,16,59,18.0,11.5,3.4,1.6,6.0%,27.8%,24.4%,53.6%,15.7%
,Norman Powell,LAC,28,6-3,215,UCLA,USA,2015,2,46,43,18.8,3.3,2.2,-8.7,1.4%,8.8%,22.9%,59.5%,10.6%
,Norvel Pelle,UTA,29,6-10,231,Iona,USA,Undrafted,Undrafted,Undrafted,3,2.0,2.0,0.0,-54.2,15.0%,15.8%,15.2%,60.0%,0.0%
,OG Anunoby,TOR,24,6-7,232,Indiana,United Kingdo...,2017,1,23,42,17.5,5.5,2.6,2.1,4.0%,11.4%,20.8%,53.8%,10.8%
,Obi Toppin,NYK,24,6-9,220,Dayton,USA,2020,1,8,58,7.1,3.5,0.8,6.6,6.1%,16.1%,19.9%,58.1%,9.3%
,Olivier Sarr,OKC,23,7-0,240,Kentucky,France,Undrafted,Undrafted,Undrafted,11,4.3,3.4,0.5,-19.9,9.4%,15.1%,15.1%,55.3%,4.8%
,Omer Yurtseven,MIA,23,6-11,275,Georgetown,Turkey,Undrafted,Undrafted,Undrafted,49,5.7,5.4,0.9,3.8,11.8%,30.3%,19.4%,56.5%,11.4%
,Onyeka Okongwu,ATL,21,6-8,240,Southern California,USA,2020,1,6,33,8.8,5.5,1.1,6.5,11.7%,14.1%,14.4%,72.6%,7.9%
,Oshae Brissett,IND,23,6-7,210,Syracuse,Canada,Undrafted,Undrafted,Undrafted,56,7.8,5.0,0.9,-5.4,6.6%,16.0%,15.5%,51.7%,5.6%
,Otto Porter Jr.,GSW,28,6-8,198,Georgetown,USA,2013,1,3,53,8.2,5.3,1.5,7.4,5.0%,18.7%,14.7%,59.1%,10.3%
,P.J. Dozier,DEN,25,6-6,205,South Carolina,USA,Undrafted,Undrafted,Undrafted,18,5.4,3.5,1.6,-12.9,3.8%,14.4%,14.7%,46.3%,13.5%
,P.J. Tucker,MIA,36,6-5,245,Texas-Austin,USA,2006,2,35,61,8.1,5.5,2.1,6.0,5.5%,14.0%,12.0%,60.2%,10.9%
,P.J. Washington,CHA,23,6-7,230,Kentucky,USA,2019,1,12,51,10.0,5.5,2.1,1.1,4.5%,15.2%,15.6%,58.2%,10.9%
,Paris Bass,PHX,26,6-8,200,Detroit Mercy,USA,Undrafted,Undrafted,Undrafted,2,3.0,2.0,0.0,0.7,20.0%,22.2%,36.0%,43.6%,0.0%
,Pascal Siakam,TOR,27,6-8,230,New Mexico State,Cameroon,2016,1,27,54,21.8,8.3,5.1,4.0,4.9%,17.6%,25.3%,55.4%,21.7%
,Pat Connaughton,MIL,29,6-5,209,Notre Dame,USA,2015,2,41,54,10.1,4.4,1.2,-0.4,2.4%,13.0%,13.2%,63.0%,6.4%
,Patrick Beverley,MIN,33,6-1,180,Arkansas,USA,2009,2,42,47,9.1,4.2,4.8,5.2,3.8%,12.0%,15.9%,53.1%,25.8%
,Patrick Williams,CHI,20,6-7,215,Florida State,USA,2020,1,4,5,6.6,2.2,0.6,5.3,0.8%,8.0%,9.3%,66.6%,3.3%
,Patty Mills,BKN,33,6-0,180,St.Mary's College of California,Australia,2009,2,55,67,12.4,2.0,2.5,0.8,0.8%,5.5%,16.5%,57.1%,11.3%
,Paul George,LAC,31,6-8,220,Fresno State,USA,2010,1,10,26,24.7,7.1,5.5,1.3,1.2%,17.5%,33.2%,52.8%,27.6%
,Paul Millsap,PHI,37,6-7,257,Louisiana Tech,USA,2006,2,47,31,3.5,3.5,0.9,-3.1,10.2%,18.6%,16.2%,46.2%,12.7%
,Paul Reed,PHI,22,6-9,210,DePaul,USA,2020,2,58,29,2.3,2.4,0.4,-10.3,12.4%,15.1%,13.5%,47.6%,7.3%
,Paul Watson,OKC,27,6-6,210,Fresno State,USA,Undrafted,Undrafted,Undrafted,9,3.4,3.0,0.9,-17.9,1.6%,14.5%,10.6%,43.2%,7.4%
,Payton Pritchard,BOS,24,6-1,195,Oregon,USA,2020,1,26,58,5.1,1.6,1.7,-2.3,2.6%,8.9%,17.8%,52.5%,22.1%
,Petr Cornelie,DEN,26,6-11,220,None,France,2016,2,53,13,1.1,1.1,0.2,5.8,15.9%,21.9%,20.8%,41.8%,11.5%
,Precious Achiuwa,TOR,22,6-8,225,Memphis,Nigeria,2020,1,20,58,8.4,6.8,1.1,1.1,8.2%,20.2%,17.6%,48.7%,7.2%
,Quentin Grimes,NYK,21,6-4,210,Houston,USA,2021,1,25,40,6.3,1.9,1.0,-3.7,2.9%,7.5%,14.8%,58.4%,9.3%
,Quinndary Weatherspoon,GSW,25,6-3,205,Mississippi State,USA,2019,2,49,8,3.4,1.1,0.4,-9.8,2.0%,17.0%,16.8%,72.0%,9.1%
,R.J. Hampton,ORL,21,6-4,175,None,USA,2020,1,24,51,7.2,2.9,2.3,-13.7,1.3%,12.6%,18.4%,48.8%,18.7%
,RJ Barrett,NYK,21,6-6,214,Duke,Canada,2019,1,3,57,19.3,5.8,2.9,-3.8,2.2%,13.8%,26.0%,51.4%,14.2%
,RJ Nembhard Jr.,CLE,22,6-4,200,TCU,USA,Undrafted,Undrafted,Undrafted,10,1.5,0.5,1.1,-1.6,3.1%,4.9%,15.3%,44.7%,36.7%
,Rajon Rondo,CLE,36,6-1,180,Kentucky,USA,2006,1,21,35,4.9,2.9,4.2,-8.6,2.0%,11.9%,15.7%,48.5%,35.2%
,Raul Neto,WAS,29,6-2,180,None,Brazil,2013,2,47,57,7.9,2.0,3.1,-2.4,1.1%,8.8%,18.1%,52.7%,21.5%
,Rayjon Tucker,DEN,24,6-3,209,Arkansas-Little Rock,USA,Undrafted,Undrafted,Undrafted,3,2.0,1.3,1.3,4.3,5.6%,10.3%,5.3%,79.8%,14.3%
,Reggie Bullock,DAL,30,6-6,205,North Carolina,USA,2013,1,25,57,8.2,3.4,1.1,5.0,1.5%,10.9%,12.9%,54.6%,5.9%
,Reggie Jackson,LAC,31,6-2,208,Boston College,USA,2011,1,24,66,17.0,3.8,4.8,-0.6,1.8%,9.4%,27.1%,49.3%,24.4%
,Reggie Perry,IND,21,6-8,250,Mississippi State,USA,2020,2,57,3,4.3,2.7,0.7,-13.4,3.1%,12.2%,9.4%,59.7%,5.6%
,Richaun Holmes,SAC,28,6-10,235,Bowling Green,USA,2015,2,37,43,10.7,7.3,1.1,-6.5,8.3%,20.1%,15.5%,69.0%,6.9%
,Ricky Rubio,IND,31,6-2,190,None,Spain,2009,1,5,34,13.1,4.1,6.6,9.1,1.5%,12.2%,23.4%,48.8%,34.8%
,Rob Edwards,OKC,25,6-5,205,Arizona State,USA,Undrafted,Undrafted,Undrafted,2,1.5,1.5,0.0,-59.1,0.0%,21.4%,22.7%,37.5%,0.0%
,Robert Covington,LAC,31,6-7,209,Tennessee State,USA,Undrafted,Undrafted,Undrafted,60,7.7,5.6,1.4,-0.8,3.1%,16.5%,12.8%,53.4%,6.7%
,Robert Williams III,BOS,24,6-9,237,Texas A&M,USA,2018,1,27,56,10.0,9.8,2.0,8.3,12.9%,17.6%,11.2%,73.7%,9.6%
,Robert Woodard II,SAS,22,6-6,235,Mississippi State,USA,2020,2,40,12,0.6,0.9,0.3,16.7,8.6%,14.6%,15.8%,20.7%,8.6%
,Robin Lopez,ORL,33,7-0,281,Stanford,USA,2008,1,15,28,7.6,3.7,1.6,-6.2,9.9%,9.2%,18.8%,58.4%,15.1%
,Rodney Hood,LAC,29,6-8,208,Duke,USA,2014,1,23,45,3.2,1.5,0.7,-1.5,2.1%,8.3%,10.6%,48.2%,7.3%
,Rodney McGruder,DET,30,6-4,205,Kansas State,USA,Undrafted,Undrafted,Undrafted,41,4.7,2.0,0.8,-1.8,3.8%,10.3%,13.3%,58.6%,8.1%
,Romeo Langford,SAS,22,6-5,216,Indiana,USA,2019,1,14,45,4.8,2.3,0.4,1.1,3.7%,9.2%,12.5%,52.3%,3.8%
,Royce O'Neale,UTA,28,6-5,226,Baylor,USA,Undrafted,Undrafted,Undrafted,63,7.8,5.0,2.6,6.6,2.6%,12.4%,9.5%,65.2%,10.7%
,Rudy Gay,UTA,35,6-8,250,Connecticut,USA,2006,1,8,43,8.3,4.3,1.0,5.6,5.2%,16.2%,19.4%,52.9%,7.9%
,Rudy Gobert,UTA,29,7-1,258,None,France,2013,1,27,52,15.4,14.7,1.1,9.5,11.2%,31.3%,16.5%,73.1%,5.4%
,Rui Hachimura,WAS,24,6-8,230,Gonzaga,Japan,2019,1,9,26,9.8,3.2,0.9,-5.1,2.2%,13.7%,20.4%,59.6%,7.6%
,Russell Westbrook,LAL,33,6-3,200,UCLA,USA,2008,1,4,66,18.0,7.5,7.1,-3.4,3.8%,16.6%,26.6%,49.9%,31.6%
,Ryan Arcidiacono,NYK,27,6-3,195,Villanova,USA,Undrafted,Undrafted,Undrafted,4,0.8,0.0,0.0,-25.7,0.0%,0.0%,6.1%,75.0%,0.0%
,Saben Lee,DET,22,6-2,183,Vanderbilt,USA,2020,2,38,31,4.9,2.3,2.3,-5.8,2.3%,12.7%,16.5%,48.2%,23.7%
,Saddiq Bey,DET,22,6-7,215,Villanova,USA,2020,1,19,68,15.9,5.8,2.8,-9.9,3.8%,12.9%,20.4%,52.4%,13.5%
,Sam Dekker,TOR,27,6-8,219,Wisconsin,USA,2015,1,18,1,0.0,0.0,0.0,-250.0,0.0%,0.0%,0.0%,0.0%,0.0%
,Sam Hauser,BOS,24,6-7,217,Virginia,USA,Undrafted,Undrafted,Undrafted,15,1.6,0.5,0.3,-9.7,1.3%,8.6%,13.1%,57.1%,11.1%
,Sam Merrill,MEM,25,6-4,205,Utah State,USA,2020,2,60,6,4.2,1.2,0.7,-11.1,1.2%,10.7%,17.8%,48.5%,10.8%
,Sandro Mamukelashvili,MIL,22,6-9,240,Seton Hall,Georgia,2021,2,54,36,3.1,1.8,0.4,-16.3,8.3%,10.8%,13.4%,60.0%,7.7%
,Santi Aldama,MEM,21,6-11,215,Loyola-Maryland,Spain,2021,1,30,27,3.3,2.4,0.5,2.7,6.9%,14.7%,16.0%,42.5%,6.9%
,Scottie Barnes,TOR,20,6-7,225,Florida State,USA,2021,1,4,59,15.2,7.6,3.3,0.6,6.7%,14.3%,18.6%,55.1%,14.5%
,Scottie Lewis,CHA,22,6-5,185,Florida,USA,2021,2,56,2,0.5,0.0,0.5,-11.8,0.0%,0.0%,5.9%,56.8%,20.0%
,Scotty Hopson,OKC,32,6-7,204,Tennessee,USA,2011,0,0,1,4.0,1.0,1.0,-18.4,0.0%,4.3%,14.3%,50.0%,9.1%
,Sekou Doumbouya,LAL,21,6-9,230,None,France,2019,1,15,2,7.0,3.0,0.0,67.8,11.1%,18.2%,28.6%,71.7%,0.0%
,Semi Ojeleye,LAC,27,6-6,240,Southern Methodist,USA,2017,2,37,26,2.8,2.5,0.3,-18.5,6.4%,10.4%,11.7%,41.6%,3.0%
,Serge Ibaka,MIL,32,6-10,235,None,Republic of t...,2008,1,24,46,6.8,4.7,0.9,-4.0,7.2%,19.4%,17.5%,57.6%,8.6%
,Seth Curry,BKN,31,6-2,185,Duke,USA,Undrafted,Undrafted,Undrafted,56,15.2,3.3,3.9,4.0,1.0%,8.6%,18.6%,60.6%,17.2%
,Shai Gilgeous-Alexander,OKC,23,6-6,180,Kentucky,Canada,2018,1,11,52,24.0,4.9,5.9,-5.9,1.7%,11.3%,29.8%,54.8%,29.1%
,Shake Milton,PHI,25,6-5,205,Southern Methodist,USA,2018,2,54,39,8.7,2.8,2.6,-1.7,2.4%,9.6%,18.4%,49.6%,17.7%
,Shaq Buchanan,MEM,25,6-3,190,Murray State,USA,Undrafted,Undrafted,Undrafted,2,1.0,1.0,1.0,-8.7,9.1%,14.3%,21.4%,25.0%,25.0%
,Shaquille Harrison,BKN,28,6-4,195,Tulsa,USA,Undrafted,Undrafted,Undrafted,2,2.0,2.0,1.5,-12.4,5.3%,12.5%,14.8%,33.3%,18.8%
,Sharife Cooper,ATL,20,6-1,176,Auburn,USA,2021,2,48,11,0.6,0.5,0.5,-41.6,0.0%,16.7%,22.1%,25.0%,31.3%
,Skylar Mays,ATL,24,6-4,205,Louisiana State,USA,2020,2,50,24,3.3,1.0,0.7,-9.9,2.3%,9.4%,15.2%,60.6%,11.7%
,Solomon Hill,ATL,30,6-6,226,Arizona,USA,2013,1,23,13,0.6,1.8,0.9,14.3,4.3%,11.5%,6.4%,20.0%,11.7%
,Spencer Dinwiddie,DAL,28,6-6,215,Colorado,USA,2014,2,38,55,13.6,4.3,5.5,-1.0,2.2%,11.1%,20.7%,52.8%,28.2%
,Stanley Johnson,LAL,25,6-6,242,Arizona,USA,2015,1,8,33,6.2,3.1,1.5,-0.8,3.2%,10.8%,12.0%,56.3%,8.6%
,Stephen Curry,GSW,33,6-2,185,Davidson,USA,2009,1,7,62,25.5,5.3,6.4,10.7,1.6%,12.5%,29.2%,59.7%,28.5%
,Sterling Brown,DAL,27,6-5,219,Southern Methodist,USA,2017,2,46,44,3.3,3.1,0.7,3.2,3.8%,19.1%,12.4%,50.1%,7.6%
,Steven Adams,MEM,28,6-11,265,Pittsburgh,New Zealand,2013,1,12,65,7.2,9.8,3.3,7.9,15.9%,19.1%,12.0%,56.4%,15.0%
,Svi Mykhailiuk,TOR,24,6-7,205,Kansas,Ukraine,2018,2,47,51,4.8,1.8,0.8,-6.1,2.5%,10.4%,15.8%,50.8%,9.3%
,T.J. McConnell,IND,29,6-1,190,Arizona,USA,2015,0,,24,8.4,3.3,4.8,-5.0,3.2%,10.4%,15.5%,53.6%,28.7%
,Tacko Fall,CLE,26,7-6,311,Central Florida,Senegal,Undrafted,Undrafted,Undrafted,11,1.1,2.1,0.2,-0.8,11.5%,27.1%,12.4%,39.8%,4.8%
,Taj Gibson,NYK,36,6-9,232,Southern California,USA,2009,1,26,44,4.0,4.4,0.6,5.2,9.0%,14.0%,9.3%,61.1%,4.8%
,Talen Horton-Tucker,LAL,21,6-4,234,Iowa State,USA,2019,2,46,49,9.5,3.3,2.7,-2.8,2.4%,9.7%,18.0%,49.4%,14.7%
,Taurean Prince,MIN,27,6-6,218,Baylor,USA,2016,1,12,57,6.5,2.4,0.9,1.8,1.9%,12.0%,16.2%,58.7%,7.8%
,Terance Mann,LAC,25,6-5,215,Florida State,USA,2019,2,48,69,10.4,5.4,2.4,0.4,4.3%,13.0%,15.2%,56.7%,12.4%
,Terence Davis,SAC,24,6-4,201,Mississippi,USA,Undrafted,Undrafted,Undrafted,30,10.4,3.1,1.3,4.4,1.9%,13.8%,24.4%,54.3%,10.7%
,Terrence Ross,ORL,31,6-6,206,Washington,USA,2012,1,8,58,10.1,2.6,1.9,-11.7,1.3%,9.2%,19.5%,51.6%,13.1%
,Terry Rozier,CHA,27,6-1,190,Louisville,USA,2015,1,16,59,19.5,4.3,4.5,0.9,2.1%,9.9%,22.6%,56.3%,19.8%
,Terry Taylor,IND,22,6-5,230,Austin Peay,USA,Undrafted,Undrafted,Undrafted,20,8.4,5.5,1.3,-2.0,15.0%,16.0%,15.7%,64.9%,10.3%
,Thaddeus Young,TOR,33,6-8,235,Georgia Tech,USA,2007,1,12,37,6.3,3.8,2.0,-5.2,9.0%,14.1%,17.8%,55.1%,19.9%
,Thanasis Antetokounmpo,MIL,29,6-6,219,None,Greece,2014,2,51,40,2.8,2.1,0.5,-11.0,9.0%,13.1%,14.1%,52.6%,7.9%
,Theo Maledon,OKC,20,6-4,175,None,France,2020,2,34,40,5.2,2.0,1.5,-17.3,2.2%,10.1%,18.4%,45.9%,15.7%
,Theo Pinson,DAL,26,6-5,212,North Carolina,USA,Undrafted,Undrafted,Undrafted,16,1.8,1.2,0.8,-18.4,0.7%,14.1%,12.7%,41.5%,17.1%
,Thomas Bryant,WAS,24,6-10,248,Indiana,USA,2017,2,42,21,8.4,4.1,1.0,-10.8,6.8%,16.6%,19.3%,60.2%,9.4%
,Tim Frazier,CLE,31,6-0,170,Penn State,USA,Undrafted,Undrafted,Undrafted,12,3.3,1.6,2.8,-17.5,2.4%,6.6%,13.7%,39.8%,25.4%
,Tim Hardaway Jr.,DAL,29,6-5,205,Michigan,USA,2013,1,24,42,14.2,3.7,2.2,1.3,1.0%,11.4%,21.4%,52.0%,11.5%
,Timothe Luwawu-Cabarrot,ATL,26,6-7,215,None,France,2016,1,24,39,3.8,1.3,0.7,-5.0,1.9%,8.6%,13.8%,53.7%,8.0%
,Tobias Harris,PHI,29,6-7,226,Tennessee,USA,2011,1,19,57,18.0,7.0,3.5,1.9,3.3%,16.7%,22.4%,56.1%,16.0%
,Tomas Satoransky,WAS,30,6-7,210,None,Czech Republi...,2012,2,32,39,3.1,2.0,2.4,-12.6,3.2%,10.3%,12.4%,41.7%,23.3%
,Tony Bradley,CHI,24,6-10,248,North Carolina,USA,2017,1,28,47,3.0,3.6,0.5,5.7,11.7%,19.6%,12.0%,60.0%,6.1%
,Tony Snell,NOP,30,6-6,213,New Mexico,USA,2013,1,20,49,3.4,2.0,0.5,-8.1,1.8%,10.9%,9.5%,53.5%,4.4%
,Torrey Craig,PHX,31,6-7,221,South Carolina Upstate,USA,Undrafted,Undrafted,Undrafted,64,6.2,3.9,1.1,-7.2,5.1%,13.5%,14.0%,52.9%,8.2%
,Trae Young,ATL,23,6-1,164,Oklahoma,USA,2018,1,5,62,28.1,3.8,9.4,1.1,1.8%,9.1%,33.4%,59.6%,43.3%
,Trayvon Palmer,DET,27,6-6,200,Chicago State,USA,Undrafted,Undrafted,Undrafted,1,0.0,2.0,0.0,-33.0,0.0%,13.3%,5.3%,0.0%,0.0%
,Tre Jones,SAS,22,6-1,185,Duke,USA,2020,2,41,55,5.2,2.1,2.9,-2.9,2.5%,10.5%,14.9%,53.9%,26.4%
,Tre Mann,OKC,21,6-3,178,Florida,USA,2021,1,18,53,9.3,2.5,1.4,-9.9,1.3%,9.4%,20.5%,48.3%,10.2%
,Tremont Waters,WAS,24,5-10,175,Louisiana State,USA,2019,2,51,3,3.3,1.3,2.3,-17.1,0.0%,7.7%,15.0%,35.7%,17.9%
,Trendon Watford,POR,21,6-8,237,Louisiana State,USA,Undrafted,Undrafted,Undrafted,40,6.2,3.7,1.3,-15.8,5.7%,17.9%,15.7%,61.2%,14.2%
,Trent Forrest,UTA,23,6-4,210,Florida State,USA,Undrafted,Undrafted,Undrafted,54,3.2,1.6,1.7,4.8,2.7%,9.5%,12.3%,57.6%,18.6%
,Trevelin Queen,HOU,25,6-6,190,New Mexico State,USA,Undrafted,Undrafted,Undrafted,10,4.3,1.6,0.4,5.6,9.1%,13.4%,21.9%,61.9%,7.4%
,Trevon Scott,CLE,25,6-8,225,Cincinnati,USA,Undrafted,Undrafted,Undrafted,2,3.0,1.0,0.0,19.4,7.1%,8.3%,20.7%,50.0%,0.0%
,Trevor Ariza,LAL,36,6-8,215,UCLA,USA,2004,2,43,22,3.8,3.2,1.0,-4.8,1.4%,15.2%,10.3%,47.4%,7.5%
,Trey Burke,DAL,29,6-0,185,Michigan,USA,2013,1,9,36,5.6,0.8,1.4,0.0,1.0%,6.5%,25.2%,50.5%,21.7%
,Trey Lyles,SAC,26,6-9,234,Kentucky,Canada,2015,1,12,62,10.1,4.7,1.0,-7.6,5.9%,18.4%,21.3%,58.7%,8.8%
,Trey Murphy III,NOP,21,6-8,206,Virginia,USA,2021,1,17,48,4.4,2.2,0.6,-1.0,5.0%,12.1%,14.0%,53.1%,6.7%
,Tristan Thompson,CHI,31,6-9,254,Texas-Austin,Canada,2011,1,4,42,6.4,5.2,0.6,-5.1,12.4%,19.4%,17.6%,54.1%,5.1%
,Troy Brown Jr.,CHI,22,6-6,215,Oregon,USA,2018,1,15,56,4.4,3.2,1.0,-3.7,3.9%,14.8%,11.6%,51.5%,7.7%
,Ty Jerome,OKC,24,6-5,195,Virginia,USA,2019,1,24,48,7.1,1.6,2.3,-1.5,2.1%,7.2%,20.5%,48.8%,22.9%
,Tyler Cook,CHI,24,6-8,255,Iowa,USA,Undrafted,Undrafted,Undrafted,19,3.4,2.7,0.2,-8.6,8.1%,20.0%,12.4%,64.5%,2.1%
,Tyler Hall,NYK,24,6-5,209,Montana State,USA,Undrafted,Undrafted,Undrafted,1,0.0,0.0,0.0,-100.0,0.0%,0.0%,0.0%,0.0%,0.0%
,Tyler Herro,MIA,22,6-5,195,Kentucky,USA,2019,1,13,56,20.9,4.8,3.8,5.4,1.5%,12.4%,28.1%,55.4%,19.7%
,Tyler Johnson,SAS,29,6-3,186,Fresno State,USA,Undrafted,Undrafted,Undrafted,6,2.8,2.0,1.2,-1.9,2.9%,10.0%,10.0%,42.5%,10.0%
,Tyrell Terry,MEM,21,6-2,160,Stanford,USA,2020,2,31,2,1.0,0.0,0.0,-6.9,0.0%,0.0%,11.1%,100%,0.0%
,Tyrese Haliburton,IND,22,6-5,185,Iowa State,USA,2020,1,12,64,15.3,4.0,7.9,-5.8,1.9%,9.3%,18.4%,59.4%,32.7%
,Tyrese Maxey,PHI,21,6-2,200,Kentucky,USA,2020,1,21,59,17.2,3.4,4.4,3.6,1.0%,8.6%,19.9%,58.2%,19.7%
,Tyrone Wallace,NOP,27,6-5,198,California,USA,2016,2,60,1,7.0,2.0,0.0,7.9,0.0%,11.8%,14.6%,47.8%,0.0%
,Tyus Jones,MEM,25,6-0,196,Duke,USA,2015,1,24,62,8.2,2.4,4.0,5.9,1.1%,10.1%,16.5%,54.3%,28.0%
,Udoka Azubuike,UTA,22,7-0,270,Kansas,Nigeria,2020,1,27,17,4.7,4.2,0.0,2.0,9.3%,23.3%,14.3%,74.3%,0.0%
,Udonis Haslem,MIA,41,6-8,235,Florida,USA,Undrafted,Undrafted,Undrafted,9,2.9,2.0,0.3,7.5,7.4%,25.0%,18.8%,55.7%,7.7%
,Usman Garuba,HOU,20,6-8,229,None,Spain,2021,1,23,16,1.4,2.3,0.5,17.8,7.7%,24.1%,10.9%,42.5%,8.3%
,Vernon Carey Jr.,WAS,21,6-9,270,Duke,USA,2020,2,32,5,1.6,1.0,0.0,-53.7,13.6%,11.1%,16.7%,54.6%,0.0%
,Victor Oladipo,MIA,29,6-4,213,Indiana,USA,2013,1,2,3,6.7,1.7,3.0,8.6,0.0%,8.8%,18.0%,51.8%,26.5%
,Vit Krejci,OKC,21,6-8,195,None,Czech Republi...,2020,2,37,15,3.6,1.7,0.9,-15.7,1.9%,9.2%,10.3%,53.9%,8.4%
,Vlatko Cancar,DEN,24,6-8,236,None,Slovenia,2017,2,49,14,4.3,1.6,0.9,3.9,3.6%,10.8%,14.1%,67.8%,12.6%
,Wayne Ellington,LAL,34,6-4,207,North Carolina,USA,2009,1,28,38,6.3,1.7,0.7,-4.3,1.3%,7.7%,13.3%,59.0%,5.2%
,Wayne Selden,NYK,27,6-4,232,Kansas,USA,2016,,,3,1.7,0.3,0.3,-34.5,0.0%,5.3%,13.6%,43.4%,9.1%
,Wendell Carter Jr.,ORL,22,6-10,270,Duke,USA,2018,1,7,58,14.6,10.4,2.7,-3.9,7.3%,25.9%,20.2%,59.5%,14.8%
,Wenyen Gabriel,LAL,24,6-9,205,Kentucky,South Sudan,Undrafted,Undrafted,Undrafted,11,2.5,2.5,0.4,6.3,13.3%,16.1%,17.4%,45.6%,7.3%
,Wes Iwundu,ATL,27,6-6,195,Kansas State,USA,2017,2,33,3,7.3,4.3,0.0,-1.4,3.6%,14.3%,11.1%,55.7%,0.0%
,Wesley Matthews,MIL,35,6-4,220,Marquette,USA,Undrafted,Undrafted,Undrafted,37,4.6,1.9,0.7,8.4,2.6%,6.2%,10.8%,49.4%,4.5%
,Will Barton,DEN,31,6-5,181,Memphis,USA,2012,2,40,58,14.9,4.9,3.8,1.6,1.9%,13.3%,20.9%,54.8%,17.4%
,Willie Cauley-Stein,PHI,28,7-0,240,Kentucky,USA,2015,1,6,20,1.7,2.0,0.5,7.2,6.4%,14.4%,9.9%,47.4%,7.4%
,Willy Hernangomez,NOP,27,6-11,250,None,Spain,2015,2,35,39,8.8,6.6,1.2,-1.1,14.9%,24.4%,21.0%,59.9%,11.3%
,Xavier Moon,LAC,27,6-2,165,Morehead State,USA,Undrafted,Undrafted,Undrafted,6,5.5,1.5,1.7,-7.8,1.0%,7.9%,18.4%,46.7%,19.6%
,Xavier Sneed,UTA,24,6-5,215,Kansas State,USA,Undrafted,Undrafted,Undrafted,2,0.0,1.0,0.0,-25.0,8.3%,16.7%,9.5%,0.0%,0.0%
,Xavier Tillman,MEM,23,6-8,245,Michigan State,USA,2020,2,35,42,4.4,2.8,1.0,-4.5,8.1%,13.9%,16.5%,51.1%,11.3%
,Yuta Watanabe,TOR,27,6-9,215,George Washington,Japan,Undrafted,Undrafted,Undrafted,32,4.6,2.5,0.6,-5.3,3.8%,14.8%,15.8%,54.3%,6.8%
,Yves Pons,MEM,22,6-5,206,Tennessee,France,Undrafted,Undrafted,Undrafted,8,0.6,0.8,0.0,-22.2,7.7%,7.5%,6.5%,51.2%,0.0%
,Zach Collins,SAS,24,6-11,250,Gonzaga,USA,2017,1,10,14,6.0,4.9,1.8,-1.5,10.7%,18.2%,16.5%,60.8%,15.2%
,Zach LaVine,CHI,27,6-5,200,UCLA,USA,2014,1,13,54,24.6,4.9,4.5,1.0,0.9%,12.7%,28.6%,60.5%,20.5%
,Zeke Nnaji,DEN,21,6-9,240,Arizona,USA,2020,1,22,40,6.6,3.6,0.4,-2.3,7.9%,14.3%,14.5%,64.9%,3.4%
,Ziaire Williams,MEM,20,6-9,185,Stanford,USA,2021,1,10,49,7.7,2.0,0.9,2.4,1.8%,6.8%,13.8%,55.6%,5.4%
,Zylan Cheatham,UTA,26,6-5,220,Arizona State,USA,Undrafted,Undrafted,Undrafted,1,0.0,0.0,0.0,-106.8,0.0%,0.0%,25.0%,0.0%,0.0%